Image File,Shape Cluster Label,Color Cluster Label
cat.2718.jpg,0,2
cat.3406.jpg,1,2
cat.1211.jpg,3,0
cat.1577.jpg,3,2
cat.952.jpg,3,1
cat.3360.jpg,3,0
cat.946.jpg,3,2
cat.3374.jpg,0,3
cat.1563.jpg,0,0
cat.1205.jpg,3,0
cat.3412.jpg,3,3
cat.2724.jpg,3,1
cat.2042.jpg,1,0
cat.3348.jpg,0,2
cat.2056.jpg,0,0
cat.2730.jpg,3,0
cat.1239.jpg,1,0
cat.6.jpg,0,0
cat.2903.jpg,3,1
cat.749.jpg,0,0
cat.991.jpg,3,2
cat.985.jpg,0,2
cat.2917.jpg,3,2
cat.1588.jpg,3,0
cat.2081.jpg,3,2
cat.775.jpg,0,2
cat.761.jpg,3,2
cat.2095.jpg,3,0
cat.588.jpg,2,1
cat.3162.jpg,3,0
cat.1775.jpg,3,2
cat.1013.jpg,0,0
cat.3604.jpg,3,2
cat.3610.jpg,3,0
cat.1007.jpg,3,0
cat.1761.jpg,0,0
cat.2268.jpg,3,2
cat.3176.jpg,3,0
cat.1991.jpg,1,3
cat.1749.jpg,0,0
cat.2240.jpg,1,2
cat.3638.jpg,3,2
cat.2526.jpg,0,3
cat.2532.jpg,3,3
cat.2254.jpg,3,0
cat.1985.jpg,0,0
cat.239.jpg,1,0
cat.2283.jpg,3,0
cat.577.jpg,3,0
cat.1952.jpg,0,0
cat.211.jpg,0,0
cat.3823.jpg,0,2
cat.205.jpg,0,0
cat.3837.jpg,3,0
cat.1946.jpg,3,2
cat.3189.jpg,0,2
cat.563.jpg,3,0
cat.2297.jpg,0,2
cat.3016.jpg,3,3
cat.2308.jpg,3,2
cat.1601.jpg,3,2
cat.1167.jpg,0,1
cat.3770.jpg,0,0
cat.3764.jpg,0,2
cat.1173.jpg,3,3
cat.1615.jpg,0,0
cat.3002.jpg,3,0
cat.2334.jpg,3,1
cat.3994.jpg,0,2
cat.2452.jpg,2,2
cat.3980.jpg,3,3
cat.2446.jpg,3,3
cat.3758.jpg,3,0
cat.2320.jpg,0,2
cat.1629.jpg,3,3
cat.359.jpg,3,0
cat.403.jpg,3,2
cat.1826.jpg,3,1
cat.1198.jpg,3,0
cat.3957.jpg,1,0
cat.365.jpg,3,2
cat.2491.jpg,0,0
cat.3943.jpg,0,1
cat.2485.jpg,1,0
cat.371.jpg,3,3
cat.1832.jpg,0,3
cat.417.jpg,0,0
cat.3572.jpg,2,0
cat.198.jpg,1,2
cat.1365.jpg,3,1
cat.1403.jpg,3,2
cat.3214.jpg,0,0
cat.826.jpg,0,2
cat.3200.jpg,3,2
cat.832.jpg,3,0
cat.1417.jpg,1,1
cat.1371.jpg,3,2
cat.3566.jpg,3,0
cat.2678.jpg,0,1
cat.1359.jpg,0,0
cat.2888.jpg,0,0
cat.2650.jpg,3,0
cat.2136.jpg,0,0
cat.3228.jpg,3,0
cat.2122.jpg,3,0
cat.2644.jpg,3,2
cat.30.jpg,3,3
cat.2877.jpg,3,2
cat.629.jpg,3,3
cat.24.jpg,3,2
cat.2863.jpg,3,1
cat.167.jpg,0,0
cat.2693.jpg,2,0
cat.601.jpg,3,2
cat.615.jpg,3,0
cat.18.jpg,0,2
cat.2687.jpg,0,0
cat.173.jpg,1,0
cat.3599.jpg,0,0
cat.614.jpg,3,0
cat.3598.jpg,0,2
cat.172.jpg,3,2
cat.2686.jpg,3,0
cat.19.jpg,0,2
cat.2692.jpg,3,1
cat.166.jpg,0,2
cat.600.jpg,3,2
cat.628.jpg,1,2
cat.2862.jpg,3,0
cat.25.jpg,0,2
cat.2876.jpg,3,2
cat.31.jpg,0,3
cat.2123.jpg,0,1
cat.2645.jpg,0,3
cat.2651.jpg,3,1
cat.2889.jpg,3,2
cat.1358.jpg,1,0
cat.3229.jpg,0,2
cat.2137.jpg,3,1
cat.1416.jpg,1,0
cat.833.jpg,3,2
cat.3201.jpg,0,0
cat.2679.jpg,3,0
cat.3567.jpg,0,3
cat.1370.jpg,3,0
cat.1364.jpg,0,3
cat.199.jpg,0,0
cat.3573.jpg,3,0
cat.827.jpg,0,2
cat.3215.jpg,3,3
cat.1402.jpg,0,3
cat.370.jpg,3,2
cat.2484.jpg,0,1
cat.3942.jpg,0,1
cat.416.jpg,3,1
cat.1833.jpg,1,2
cat.1827.jpg,0,2
cat.402.jpg,3,1
cat.2490.jpg,0,3
cat.364.jpg,3,2
cat.3956.jpg,0,2
cat.1199.jpg,3,3
cat.358.jpg,1,2
cat.3759.jpg,3,1
cat.2447.jpg,3,0
cat.3981.jpg,3,0
cat.1628.jpg,3,3
cat.2321.jpg,3,0
cat.2335.jpg,3,1
cat.2453.jpg,3,3
cat.3995.jpg,2,3
cat.1172.jpg,3,2
cat.3765.jpg,3,2
cat.3003.jpg,3,0
cat.1614.jpg,3,0
cat.1600.jpg,3,3
cat.2309.jpg,0,0
cat.3017.jpg,3,3
cat.3771.jpg,3,0
cat.1166.jpg,0,2
cat.3836.jpg,0,3
cat.204.jpg,2,2
cat.2296.jpg,3,0
cat.562.jpg,0,2
cat.3188.jpg,3,0
cat.1947.jpg,0,2
cat.1953.jpg,1,3
cat.576.jpg,3,2
cat.2282.jpg,0,0
cat.3822.jpg,0,0
cat.210.jpg,0,2
cat.238.jpg,1,2
cat.2533.jpg,3,0
cat.1984.jpg,0,2
cat.2255.jpg,1,2
cat.2241.jpg,0,0
cat.1748.jpg,0,1
cat.1990.jpg,0,0
cat.2527.jpg,1,0
cat.3639.jpg,3,1
cat.1006.jpg,3,3
cat.3611.jpg,3,1
cat.3177.jpg,0,0
cat.2269.jpg,0,0
cat.1760.jpg,0,0
cat.1774.jpg,3,0
cat.3163.jpg,0,2
cat.589.jpg,3,2
cat.3605.jpg,1,3
cat.1012.jpg,2,0
cat.2094.jpg,0,3
cat.760.jpg,3,3
cat.774.jpg,3,2
cat.2080.jpg,3,3
cat.1589.jpg,3,2
cat.984.jpg,1,2
cat.2916.jpg,3,0
cat.2902.jpg,3,1
cat.7.jpg,0,2
cat.990.jpg,1,1
cat.748.jpg,0,1
cat.2057.jpg,3,2
cat.3349.jpg,3,0
cat.1238.jpg,3,0
cat.2731.jpg,1,2
cat.2725.jpg,0,2
cat.2043.jpg,3,3
cat.1562.jpg,0,2
cat.3375.jpg,0,2
cat.947.jpg,3,3
cat.3413.jpg,1,2
cat.1204.jpg,3,1
cat.1210.jpg,3,2
cat.3407.jpg,0,3
cat.2719.jpg,0,0
cat.3361.jpg,3,2
cat.953.jpg,0,2
cat.1576.jpg,3,1
cat.1206.jpg,3,2
cat.3411.jpg,3,1
cat.945.jpg,3,0
cat.3377.jpg,3,0
cat.2069.jpg,3,2
cat.1560.jpg,3,2
cat.1574.jpg,0,3
cat.951.jpg,0,1
cat.3363.jpg,3,0
cat.789.jpg,3,0
cat.3405.jpg,3,0
cat.1212.jpg,0,0
cat.2733.jpg,3,2
cat.979.jpg,3,2
cat.2055.jpg,3,0
cat.2041.jpg,3,1
cat.1548.jpg,3,0
cat.2727.jpg,0,2
cat.3439.jpg,3,2
cat.2914.jpg,3,2
cat.986.jpg,3,0
cat.992.jpg,3,1
cat.5.jpg,0,3
cat.2900.jpg,0,3
cat.2928.jpg,3,0
cat.762.jpg,0,0
cat.2096.jpg,3,1
cat.3388.jpg,0,2
cat.2082.jpg,0,0
cat.776.jpg,3,0
cat.1762.jpg,3,2
cat.3175.jpg,3,2
cat.3613.jpg,3,0
cat.1004.jpg,1,2
cat.1010.jpg,0,0
cat.3607.jpg,3,2
cat.2519.jpg,3,0
cat.3161.jpg,0,1
cat.1776.jpg,3,2
cat.2257.jpg,3,0
cat.3149.jpg,3,2
cat.1986.jpg,3,0
cat.1038.jpg,1,2
cat.2531.jpg,0,2
cat.2525.jpg,0,2
cat.1992.jpg,3,0
cat.2243.jpg,0,2
cat.1979.jpg,1,2
cat.3808.jpg,0,2
cat.548.jpg,0,2
cat.1945.jpg,3,2
cat.560.jpg,0,0
cat.2294.jpg,3,0
cat.206.jpg,2,2
cat.3834.jpg,0,0
cat.212.jpg,3,1
cat.3820.jpg,0,3
cat.2280.jpg,3,2
cat.574.jpg,3,0
cat.1789.jpg,3,1
cat.1951.jpg,3,2
cat.1616.jpg,3,0
cat.3001.jpg,3,2
cat.2479.jpg,0,3
cat.3767.jpg,3,2
cat.1170.jpg,0,1
cat.1164.jpg,3,1
cat.399.jpg,3,3
cat.3773.jpg,3,3
cat.3015.jpg,3,0
cat.1602.jpg,0,0
cat.2323.jpg,3,0
cat.3983.jpg,3,0
cat.2445.jpg,0,0
cat.3997.jpg,1,0
cat.2451.jpg,3,2
cat.1158.jpg,2,0
cat.3029.jpg,3,0
cat.2337.jpg,3,0
cat.428.jpg,3,2
cat.3968.jpg,0,0
cat.1819.jpg,0,0
cat.1831.jpg,0,2
cat.414.jpg,0,2
cat.3798.jpg,3,2
cat.3940.jpg,3,0
cat.2486.jpg,3,0
cat.372.jpg,0,0
cat.3954.jpg,3,2
cat.366.jpg,3,2
cat.2492.jpg,3,0
cat.400.jpg,3,0
cat.1825.jpg,1,2
cat.1372.jpg,1,3
cat.3565.jpg,0,0
cat.3203.jpg,3,1
cat.831.jpg,3,2
cat.1414.jpg,3,2
cat.1400.jpg,3,2
cat.2109.jpg,0,2
cat.3217.jpg,1,0
cat.825.jpg,0,1
cat.3571.jpg,3,1
cat.1366.jpg,3,2
cat.3559.jpg,2,0
cat.2647.jpg,3,0
cat.1428.jpg,1,3
cat.2121.jpg,3,0
cat.2135.jpg,1,1
cat.819.jpg,0,0
cat.2653.jpg,1,2
cat.27.jpg,3,0
cat.2860.jpg,0,2
cat.33.jpg,0,1
cat.158.jpg,0,2
cat.2874.jpg,0,0
cat.2684.jpg,3,1
cat.170.jpg,0,3
cat.616.jpg,0,2
cat.602.jpg,3,2
cat.164.jpg,3,2
cat.2690.jpg,0,0
cat.2848.jpg,0,1
cat.1399.jpg,3,2
cat.603.jpg,3,2
cat.1398.jpg,3,1
cat.2849.jpg,3,2
cat.2691.jpg,3,3
cat.165.jpg,3,2
cat.171.jpg,3,2
cat.2685.jpg,3,3
cat.617.jpg,0,0
cat.2875.jpg,3,0
cat.159.jpg,0,3
cat.32.jpg,3,3
cat.2861.jpg,3,1
cat.26.jpg,3,2
cat.818.jpg,3,2
cat.2134.jpg,0,2
cat.2652.jpg,3,0
cat.2646.jpg,3,0
cat.3558.jpg,1,3
cat.2120.jpg,3,3
cat.1429.jpg,3,2
cat.824.jpg,0,1
cat.3216.jpg,3,3
cat.2108.jpg,0,1
cat.1401.jpg,3,0
cat.1367.jpg,0,1
cat.3570.jpg,0,0
cat.3564.jpg,3,1
cat.1373.jpg,0,2
cat.1415.jpg,1,1
cat.830.jpg,3,2
cat.3202.jpg,3,0
cat.2493.jpg,3,0
cat.367.jpg,0,0
cat.3955.jpg,3,0
cat.1824.jpg,0,2
cat.401.jpg,3,0
cat.415.jpg,0,0
cat.1830.jpg,2,3
cat.373.jpg,3,2
cat.2487.jpg,0,2
cat.3941.jpg,1,1
cat.3799.jpg,3,3
cat.3969.jpg,0,2
cat.1818.jpg,3,0
cat.429.jpg,3,3
cat.1159.jpg,0,0
cat.2450.jpg,3,0
cat.3996.jpg,3,1
cat.2336.jpg,3,3
cat.3028.jpg,0,2
cat.2322.jpg,0,0
cat.2444.jpg,3,0
cat.3982.jpg,0,2
cat.3772.jpg,3,3
cat.398.jpg,3,2
cat.1165.jpg,0,2
cat.1603.jpg,3,3
cat.3014.jpg,3,1
cat.3000.jpg,0,1
cat.1617.jpg,0,3
cat.1171.jpg,1,2
cat.3766.jpg,3,3
cat.2478.jpg,3,2
cat.3821.jpg,3,0
cat.213.jpg,0,2
cat.1950.jpg,3,0
cat.1788.jpg,0,2
cat.575.jpg,3,2
cat.2281.jpg,3,1
cat.2295.jpg,3,1
cat.561.jpg,0,2
cat.1944.jpg,0,2
cat.3835.jpg,0,3
cat.207.jpg,3,3
cat.549.jpg,3,0
cat.1978.jpg,3,3
cat.3809.jpg,3,2
cat.2524.jpg,3,0
cat.2242.jpg,3,1
cat.1993.jpg,0,2
cat.1987.jpg,3,0
cat.3148.jpg,3,1
cat.2256.jpg,3,3
cat.2530.jpg,3,0
cat.1039.jpg,0,1
cat.2518.jpg,3,1
cat.3606.jpg,1,0
cat.1011.jpg,0,0
cat.1777.jpg,0,0
cat.3160.jpg,0,3
cat.3174.jpg,1,2
cat.1763.jpg,3,0
cat.1005.jpg,0,2
cat.3612.jpg,0,2
cat.777.jpg,3,2
cat.2083.jpg,3,2
cat.2929.jpg,3,2
cat.3389.jpg,3,2
cat.2097.jpg,3,3
cat.763.jpg,0,0
cat.993.jpg,0,2
cat.2901.jpg,0,0
cat.4.jpg,3,2
cat.2915.jpg,3,2
cat.987.jpg,3,0
cat.1549.jpg,0,2
cat.2040.jpg,3,1
cat.3438.jpg,0,2
cat.2726.jpg,0,0
cat.2732.jpg,0,0
cat.2054.jpg,3,0
cat.978.jpg,3,3
cat.788.jpg,3,0
cat.3362.jpg,3,0
cat.950.jpg,3,2
cat.1575.jpg,0,2
cat.1213.jpg,3,0
cat.3404.jpg,0,0
cat.3410.jpg,0,1
cat.1207.jpg,3,2
cat.1561.jpg,0,3
cat.2068.jpg,3,2
cat.3376.jpg,3,2
cat.944.jpg,0,2
cat.1559.jpg,0,3
cat.2050.jpg,3,0
cat.2736.jpg,3,3
cat.3428.jpg,3,0
cat.2722.jpg,3,1
cat.968.jpg,3,2
cat.2044.jpg,3,0
cat.3372.jpg,0,1
cat.940.jpg,3,0
cat.798.jpg,0,2
cat.1565.jpg,3,0
cat.1203.jpg,3,0
cat.3414.jpg,0,2
cat.3400.jpg,3,1
cat.1217.jpg,3,2
cat.1571.jpg,3,3
cat.3366.jpg,3,2
cat.954.jpg,0,2
cat.2078.jpg,0,0
cat.2093.jpg,1,0
cat.767.jpg,0,2
cat.2939.jpg,2,3
cat.773.jpg,3,2
cat.2087.jpg,3,1
cat.3399.jpg,0,3
cat.983.jpg,3,1
cat.2911.jpg,3,2
cat.2905.jpg,0,0
cat.997.jpg,1,3
cat.2534.jpg,3,3
cat.2252.jpg,1,1
cat.1983.jpg,0,2
cat.1997.jpg,3,0
cat.2246.jpg,3,0
cat.3158.jpg,3,0
cat.2520.jpg,0,1
cat.1029.jpg,3,3
cat.3616.jpg,3,2
cat.2508.jpg,1,1
cat.1001.jpg,3,3
cat.1767.jpg,1,2
cat.3170.jpg,3,1
cat.3164.jpg,0,2
cat.1773.jpg,0,0
cat.1015.jpg,3,2
cat.3602.jpg,3,0
cat.3831.jpg,0,0
cat.203.jpg,3,3
cat.1798.jpg,3,3
cat.1940.jpg,3,2
cat.2291.jpg,3,0
cat.565.jpg,0,0
cat.571.jpg,3,2
cat.2285.jpg,3,0
cat.1954.jpg,0,2
cat.3825.jpg,3,0
cat.217.jpg,0,2
cat.559.jpg,3,1
cat.1968.jpg,0,2
cat.3819.jpg,0,0
cat.1149.jpg,3,0
cat.2440.jpg,0,0
cat.3986.jpg,3,0
cat.3038.jpg,0,2
cat.2326.jpg,3,3
cat.2332.jpg,0,2
cat.2454.jpg,3,0
cat.3992.jpg,0,0
cat.388.jpg,1,2
cat.3762.jpg,0,1
cat.1175.jpg,3,1
cat.1613.jpg,0,3
cat.3004.jpg,3,1
cat.3010.jpg,0,1
cat.1607.jpg,0,0
cat.1161.jpg,0,3
cat.2468.jpg,3,2
cat.3776.jpg,0,0
cat.377.jpg,3,2
cat.2483.jpg,3,0
cat.3945.jpg,0,2
cat.1834.jpg,3,0
cat.411.jpg,3,1
cat.405.jpg,1,2
cat.1820.jpg,1,1
cat.3789.jpg,3,1
cat.2497.jpg,3,2
cat.363.jpg,3,0
cat.3951.jpg,0,2
cat.3979.jpg,3,0
cat.1808.jpg,3,0
cat.439.jpg,3,0
cat.2124.jpg,0,0
cat.808.jpg,3,3
cat.2642.jpg,3,1
cat.3548.jpg,3,0
cat.2656.jpg,3,3
cat.2130.jpg,0,2
cat.1439.jpg,3,2
cat.2118.jpg,3,0
cat.834.jpg,3,0
cat.3206.jpg,3,0
cat.1411.jpg,0,2
cat.1377.jpg,0,2
cat.3560.jpg,1,0
cat.3574.jpg,0,3
cat.1363.jpg,3,3
cat.1405.jpg,0,1
cat.820.jpg,3,0
cat.3212.jpg,3,2
cat.613.jpg,0,2
cat.1388.jpg,0,0
cat.175.jpg,3,0
cat.2681.jpg,3,3
cat.2859.jpg,3,1
cat.2695.jpg,0,0
cat.161.jpg,3,2
cat.607.jpg,3,2
cat.22.jpg,3,1
cat.149.jpg,2,3
cat.2865.jpg,3,0
cat.36.jpg,3,3
cat.2871.jpg,1,2
cat.2870.jpg,3,3
cat.37.jpg,0,1
cat.2864.jpg,0,3
cat.148.jpg,3,2
cat.23.jpg,1,0
cat.160.jpg,0,2
cat.2694.jpg,3,2
cat.606.jpg,0,2
cat.612.jpg,3,2
cat.2858.jpg,3,0
cat.2680.jpg,3,2
cat.174.jpg,0,2
cat.1389.jpg,3,2
cat.1362.jpg,1,0
cat.3575.jpg,3,0
cat.3213.jpg,0,0
cat.821.jpg,0,2
cat.1404.jpg,0,0
cat.1410.jpg,0,1
cat.3207.jpg,3,3
cat.835.jpg,0,0
cat.2119.jpg,3,0
cat.3561.jpg,3,2
cat.1376.jpg,0,0
cat.2657.jpg,3,2
cat.3549.jpg,0,2
cat.1438.jpg,3,2
cat.2131.jpg,0,0
cat.809.jpg,3,0
cat.2125.jpg,3,0
cat.2643.jpg,3,2
cat.438.jpg,2,2
cat.3978.jpg,3,2
cat.1809.jpg,0,2
cat.1821.jpg,0,0
cat.404.jpg,3,2
cat.3950.jpg,3,2
cat.362.jpg,3,1
cat.2496.jpg,0,1
cat.3788.jpg,0,3
cat.3944.jpg,3,3
cat.2482.jpg,3,2
cat.376.jpg,0,0
cat.410.jpg,3,1
cat.1835.jpg,1,2
cat.1606.jpg,3,0
cat.3011.jpg,1,3
cat.3777.jpg,0,2
cat.2469.jpg,0,0
cat.1160.jpg,3,2
cat.1174.jpg,3,2
cat.3763.jpg,0,2
cat.389.jpg,0,0
cat.3005.jpg,3,0
cat.1612.jpg,0,3
cat.2333.jpg,0,3
cat.3993.jpg,3,2
cat.2455.jpg,3,2
cat.3987.jpg,3,2
cat.2441.jpg,0,2
cat.1148.jpg,0,2
cat.2327.jpg,3,2
cat.3039.jpg,3,2
cat.1969.jpg,0,0
cat.3818.jpg,1,0
cat.558.jpg,3,2
cat.1955.jpg,1,1
cat.2284.jpg,3,3
cat.570.jpg,0,2
cat.216.jpg,3,0
cat.3824.jpg,3,2
cat.202.jpg,0,0
cat.3830.jpg,1,2
cat.564.jpg,0,3
cat.2290.jpg,3,0
cat.1941.jpg,3,2
cat.1799.jpg,3,2
cat.1772.jpg,2,0
cat.3165.jpg,3,0
cat.3603.jpg,3,0
cat.1014.jpg,3,2
cat.1000.jpg,0,2
cat.2509.jpg,0,0
cat.3617.jpg,1,1
cat.3171.jpg,3,1
cat.1766.jpg,0,3
cat.3159.jpg,3,2
cat.2247.jpg,0,0
cat.1996.jpg,3,2
cat.1028.jpg,0,0
cat.2521.jpg,0,0
cat.2535.jpg,3,2
cat.1982.jpg,3,0
cat.2253.jpg,3,1
cat.2904.jpg,0,1
cat.1.jpg,0,1
cat.996.jpg,3,3
cat.982.jpg,0,0
cat.2910.jpg,3,1
cat.2938.jpg,3,0
cat.3398.jpg,3,0
cat.2086.jpg,3,0
cat.772.jpg,0,2
cat.766.jpg,3,3
cat.2092.jpg,0,2
cat.1216.jpg,3,1
cat.3401.jpg,0,2
cat.2079.jpg,3,0
cat.955.jpg,3,0
cat.3367.jpg,0,2
cat.1570.jpg,3,2
cat.1564.jpg,0,2
cat.799.jpg,1,2
cat.941.jpg,3,2
cat.3373.jpg,0,2
cat.3415.jpg,1,0
cat.1202.jpg,0,0
cat.2723.jpg,3,0
cat.2045.jpg,3,2
cat.969.jpg,0,1
cat.2051.jpg,3,0
cat.1558.jpg,3,1
cat.3429.jpg,3,1
cat.2737.jpg,2,3
cat.3359.jpg,3,1
cat.2047.jpg,3,3
cat.1228.jpg,3,2
cat.2721.jpg,1,0
cat.2735.jpg,0,1
cat.2053.jpg,3,0
cat.1572.jpg,1,0
cat.3365.jpg,3,0
cat.957.jpg,0,2
cat.3403.jpg,3,2
cat.1214.jpg,0,1
cat.1200.jpg,3,2
cat.2709.jpg,3,2
cat.3417.jpg,0,0
cat.3371.jpg,3,3
cat.943.jpg,3,3
cat.1566.jpg,3,1
cat.770.jpg,0,3
cat.2084.jpg,3,2
cat.2090.jpg,3,2
cat.764.jpg,1,0
cat.1599.jpg,1,2
cat.994.jpg,1,1
cat.3.jpg,0,3
cat.2906.jpg,0,0
cat.2912.jpg,3,1
cat.758.jpg,3,3
cat.980.jpg,1,0
cat.2523.jpg,0,0
cat.1994.jpg,1,0
cat.2245.jpg,3,2
cat.2251.jpg,0,0
cat.1980.jpg,3,3
cat.1758.jpg,3,0
cat.3629.jpg,0,2
cat.2537.jpg,3,0
cat.1016.jpg,3,2
cat.3601.jpg,3,2
cat.2279.jpg,3,3
cat.3167.jpg,3,1
cat.1770.jpg,0,0
cat.1764.jpg,3,0
cat.599.jpg,1,3
cat.3173.jpg,0,2
cat.3615.jpg,0,2
cat.1002.jpg,3,2
cat.3826.jpg,3,3
cat.214.jpg,0,2
cat.3198.jpg,3,1
cat.572.jpg,0,2
cat.2286.jpg,3,1
cat.1957.jpg,3,2
cat.1943.jpg,3,0
cat.2292.jpg,3,2
cat.566.jpg,3,3
cat.3832.jpg,0,0
cat.200.jpg,0,2
cat.228.jpg,3,1
cat.2457.jpg,0,2
cat.3991.jpg,0,0
cat.3749.jpg,0,1
cat.1638.jpg,0,2
cat.2331.jpg,3,0
cat.2325.jpg,3,2
cat.2443.jpg,3,3
cat.3985.jpg,0,2
cat.1162.jpg,0,0
cat.3775.jpg,1,3
cat.3013.jpg,3,2
cat.1604.jpg,3,2
cat.1610.jpg,3,1
cat.3007.jpg,3,3
cat.2319.jpg,2,0
cat.3761.jpg,3,1
cat.1176.jpg,3,2
cat.2494.jpg,3,2
cat.360.jpg,3,0
cat.3952.jpg,1,0
cat.406.jpg,0,0
cat.1823.jpg,3,0
cat.1837.jpg,3,2
cat.412.jpg,3,2
cat.374.jpg,0,0
cat.2480.jpg,0,0
cat.3946.jpg,2,1
cat.1189.jpg,3,2
cat.348.jpg,3,1
cat.2133.jpg,0,2
cat.2655.jpg,3,2
cat.2899.jpg,1,0
cat.2641.jpg,3,0
cat.1348.jpg,0,0
cat.2127.jpg,1,2
cat.3239.jpg,3,0
cat.1406.jpg,3,0
cat.823.jpg,3,0
cat.3211.jpg,3,1
cat.3577.jpg,2,0
cat.2669.jpg,0,1
cat.1360.jpg,3,0
cat.1374.jpg,0,0
cat.3563.jpg,3,2
cat.189.jpg,3,3
cat.837.jpg,3,2
cat.3205.jpg,3,1
cat.1412.jpg,3,3
cat.604.jpg,0,1
cat.2696.jpg,3,2
cat.162.jpg,3,2
cat.3588.jpg,0,0
cat.176.jpg,3,3
cat.2682.jpg,0,0
cat.610.jpg,3,0
cat.638.jpg,3,2
cat.35.jpg,0,2
cat.2872.jpg,3,0
cat.21.jpg,0,0
cat.2866.jpg,0,2
cat.2867.jpg,3,2
cat.20.jpg,3,3
cat.639.jpg,3,0
cat.2873.jpg,0,1
cat.34.jpg,0,2
cat.2683.jpg,0,2
cat.177.jpg,3,2
cat.611.jpg,0,2
cat.605.jpg,3,0
cat.3589.jpg,3,3
cat.163.jpg,3,2
cat.2697.jpg,3,1
cat.188.jpg,3,2
cat.3562.jpg,0,0
cat.1375.jpg,0,2
cat.1413.jpg,0,0
cat.3204.jpg,3,2
cat.836.jpg,0,0
cat.3210.jpg,0,0
cat.822.jpg,3,1
cat.1407.jpg,3,0
cat.1361.jpg,1,3
cat.2668.jpg,3,0
cat.3576.jpg,0,2
cat.1349.jpg,3,0
cat.2640.jpg,0,0
cat.2898.jpg,0,2
cat.3238.jpg,3,2
cat.2126.jpg,1,0
cat.2132.jpg,3,0
cat.2654.jpg,3,0
cat.349.jpg,3,2
cat.413.jpg,0,3
cat.1836.jpg,0,1
cat.1188.jpg,3,1
cat.3947.jpg,0,2
cat.2481.jpg,1,2
cat.375.jpg,0,0
cat.3953.jpg,3,0
cat.361.jpg,0,2
cat.2495.jpg,0,3
cat.1822.jpg,1,1
cat.407.jpg,0,2
cat.2318.jpg,3,2
cat.3006.jpg,3,1
cat.1611.jpg,0,1
cat.1177.jpg,3,0
cat.3760.jpg,3,3
cat.3774.jpg,3,3
cat.1163.jpg,0,2
cat.1605.jpg,0,3
cat.3012.jpg,3,2
cat.2324.jpg,3,2
cat.3984.jpg,0,2
cat.2442.jpg,3,0
cat.3748.jpg,0,0
cat.3990.jpg,0,3
cat.2456.jpg,0,3
cat.2330.jpg,0,3
cat.1639.jpg,3,1
cat.229.jpg,0,0
cat.567.jpg,2,2
cat.2293.jpg,0,3
cat.1942.jpg,0,2
cat.201.jpg,3,1
cat.3833.jpg,0,2
cat.215.jpg,0,2
cat.3827.jpg,3,2
cat.1956.jpg,1,0
cat.2287.jpg,2,0
cat.573.jpg,3,1
cat.3199.jpg,0,2
cat.3172.jpg,3,2
cat.598.jpg,3,0
cat.1765.jpg,0,0
cat.1003.jpg,3,0
cat.3614.jpg,3,1
cat.3600.jpg,3,0
cat.1017.jpg,3,2
cat.1771.jpg,0,1
cat.3166.jpg,3,1
cat.2278.jpg,3,2
cat.1759.jpg,3,3
cat.1981.jpg,3,2
cat.2250.jpg,3,2
cat.2536.jpg,0,0
cat.3628.jpg,3,2
cat.2522.jpg,0,2
cat.2244.jpg,0,0
cat.1995.jpg,3,3
cat.2913.jpg,3,2
cat.981.jpg,3,0
cat.759.jpg,3,1
cat.995.jpg,3,0
cat.2907.jpg,0,0
cat.2.jpg,1,0
cat.1598.jpg,3,2
cat.765.jpg,3,3
cat.2091.jpg,3,2
cat.2085.jpg,1,0
cat.771.jpg,0,3
cat.3416.jpg,0,2
cat.2708.jpg,3,2
cat.1201.jpg,3,2
cat.1567.jpg,0,3
cat.942.jpg,0,1
cat.3370.jpg,3,2
cat.956.jpg,3,0
cat.3364.jpg,1,1
cat.1573.jpg,0,3
cat.1215.jpg,3,2
cat.3402.jpg,3,2
cat.2734.jpg,1,2
cat.2052.jpg,3,0
cat.2046.jpg,3,3
cat.3358.jpg,1,0
cat.2720.jpg,3,0
cat.1229.jpg,3,2
cat.931.jpg,3,0
cat.3303.jpg,0,0
cat.1514.jpg,0,2
cat.1272.jpg,3,2
cat.3465.jpg,3,2
cat.3471.jpg,0,0
cat.1266.jpg,1,2
cat.1500.jpg,3,1
cat.925.jpg,0,0
cat.3317.jpg,0,3
cat.2009.jpg,1,2
cat.1528.jpg,3,2
cat.2021.jpg,1,0
cat.2747.jpg,0,1
cat.3459.jpg,0,2
cat.2753.jpg,3,2
cat.919.jpg,3,2
cat.2035.jpg,3,2
cat.2960.jpg,1,0
cat.2974.jpg,0,0
cat.716.jpg,3,0
cat.2784.jpg,3,1
cat.2948.jpg,0,1
cat.2790.jpg,0,0
cat.1299.jpg,0,1
cat.702.jpg,3,0
cat.3667.jpg,3,3
cat.2579.jpg,0,0
cat.1070.jpg,0,1
cat.1716.jpg,0,0
cat.3101.jpg,0,2
cat.3115.jpg,0,1
cat.1702.jpg,0,0
cat.1064.jpg,0,0
cat.3673.jpg,0,2
cat.299.jpg,3,2
cat.2545.jpg,0,0
cat.3883.jpg,3,0
cat.2223.jpg,0,2
cat.2237.jpg,0,0
cat.3129.jpg,1,2
cat.2551.jpg,0,0
cat.3897.jpg,1,1
cat.1058.jpg,3,2
cat.528.jpg,1,2
cat.1919.jpg,0,3
cat.3868.jpg,1,0
cat.2586.jpg,3,0
cat.272.jpg,3,2
cat.3840.jpg,0,0
cat.3698.jpg,0,2
cat.1931.jpg,0,3
cat.514.jpg,0,0
cat.500.jpg,0,2
cat.1925.jpg,0,0
cat.266.jpg,0,2
cat.2592.jpg,1,0
cat.3854.jpg,3,1
cat.3713.jpg,3,2
cat.1104.jpg,1,2
cat.1662.jpg,3,2
cat.3075.jpg,0,0
cat.3061.jpg,3,2
cat.1676.jpg,0,1
cat.1110.jpg,0,2
cat.2419.jpg,3,1
cat.3707.jpg,3,3
cat.1138.jpg,3,2
cat.2431.jpg,3,2
cat.3049.jpg,0,0
cat.2357.jpg,0,0
cat.1886.jpg,0,0
cat.1892.jpg,0,0
cat.2343.jpg,3,3
cat.2425.jpg,3,2
cat.3908.jpg,1,0
cat.1879.jpg,3,0
cat.448.jpg,3,0
cat.3934.jpg,0,2
cat.306.jpg,0,2
cat.1845.jpg,0,2
cat.460.jpg,0,2
cat.2394.jpg,3,0
cat.2380.jpg,3,1
cat.474.jpg,3,0
cat.1851.jpg,3,0
cat.1689.jpg,1,2
cat.3920.jpg,3,0
cat.312.jpg,3,0
cat.2169.jpg,0,3
cat.3277.jpg,3,1
cat.845.jpg,1,0
cat.1460.jpg,0,0
cat.1306.jpg,1,0
cat.3511.jpg,3,3
cat.90.jpg,3,2
cat.3505.jpg,0,2
cat.84.jpg,3,2
cat.1312.jpg,2,2
cat.1474.jpg,3,0
cat.689.jpg,3,2
cat.3263.jpg,3,2
cat.851.jpg,0,2
cat.2155.jpg,0,3
cat.879.jpg,3,0
cat.2633.jpg,3,1
cat.3539.jpg,3,0
cat.2627.jpg,0,2
cat.2141.jpg,3,3
cat.1448.jpg,3,1
cat.886.jpg,0,2
cat.53.jpg,3,1
cat.138.jpg,3,2
cat.2814.jpg,3,1
cat.47.jpg,3,0
cat.2800.jpg,0,2
cat.892.jpg,0,2
cat.3288.jpg,3,0
cat.662.jpg,3,1
cat.2196.jpg,0,3
cat.104.jpg,0,2
cat.2828.jpg,0,3
cat.110.jpg,3,2
cat.2182.jpg,3,0
cat.676.jpg,0,0
cat.111.jpg,3,2
cat.677.jpg,1,2
cat.2183.jpg,3,2
cat.2197.jpg,3,1
cat.663.jpg,3,0
cat.3289.jpg,3,0
cat.2829.jpg,0,1
cat.105.jpg,3,3
cat.2801.jpg,3,2
cat.46.jpg,0,1
cat.893.jpg,3,0
cat.887.jpg,3,2
cat.2815.jpg,0,0
cat.139.jpg,3,2
cat.52.jpg,0,2
cat.2626.jpg,3,0
cat.3538.jpg,0,0
cat.1449.jpg,0,1
cat.2140.jpg,3,2
cat.878.jpg,0,3
cat.2154.jpg,3,2
cat.2632.jpg,3,3
cat.1313.jpg,3,0
cat.85.jpg,0,0
cat.3504.jpg,3,2
cat.850.jpg,3,0
cat.3262.jpg,3,2
cat.688.jpg,3,2
cat.1475.jpg,2,0
cat.1461.jpg,3,0
cat.844.jpg,3,3
cat.3276.jpg,3,2
cat.2168.jpg,0,2
cat.91.jpg,3,0
cat.3510.jpg,3,1
cat.1307.jpg,0,3
cat.1688.jpg,0,1
cat.1850.jpg,0,1
cat.475.jpg,3,0
cat.2381.jpg,3,2
cat.313.jpg,0,2
cat.3921.jpg,3,3
cat.307.jpg,0,2
cat.3935.jpg,3,0
cat.2395.jpg,3,0
cat.461.jpg,3,1
cat.1844.jpg,0,2
cat.449.jpg,3,3
cat.3909.jpg,3,2
cat.1878.jpg,0,3
cat.2342.jpg,3,0
cat.1893.jpg,0,0
cat.2424.jpg,3,0
cat.2430.jpg,0,3
cat.1139.jpg,3,3
cat.1887.jpg,0,2
cat.2356.jpg,1,0
cat.3048.jpg,0,0
cat.1677.jpg,3,3
cat.3060.jpg,3,0
cat.3706.jpg,1,3
cat.2418.jpg,3,2
cat.1111.jpg,3,3
cat.1105.jpg,3,1
cat.3712.jpg,3,0
cat.3074.jpg,3,3
cat.1663.jpg,3,1
cat.1924.jpg,3,0
cat.501.jpg,0,2
cat.3855.jpg,0,0
cat.2593.jpg,0,1
cat.267.jpg,0,3
cat.3699.jpg,3,0
cat.3841.jpg,0,2
cat.273.jpg,0,0
cat.2587.jpg,3,0
cat.515.jpg,3,2
cat.1930.jpg,3,0
cat.1918.jpg,1,0
cat.3869.jpg,3,0
cat.529.jpg,0,2
cat.3128.jpg,1,2
cat.2236.jpg,0,0
cat.1059.jpg,3,2
cat.3896.jpg,0,0
cat.2550.jpg,3,0
cat.3882.jpg,0,2
cat.2544.jpg,3,1
cat.2222.jpg,3,1
cat.1703.jpg,3,2
cat.3114.jpg,2,0
cat.298.jpg,0,1
cat.3672.jpg,1,2
cat.1065.jpg,3,0
cat.1071.jpg,0,1
cat.2578.jpg,3,2
cat.3666.jpg,0,2
cat.3100.jpg,0,1
cat.1717.jpg,0,2
cat.1298.jpg,3,1
cat.2791.jpg,3,0
cat.2949.jpg,0,0
cat.703.jpg,3,3
cat.717.jpg,0,2
cat.2785.jpg,3,3
cat.2975.jpg,3,0
cat.2961.jpg,3,2
cat.2752.jpg,0,2
cat.2034.jpg,3,3
cat.918.jpg,0,0
cat.2020.jpg,0,0
cat.1529.jpg,3,0
cat.3458.jpg,3,2
cat.2746.jpg,1,3
cat.1267.jpg,3,2
cat.3470.jpg,0,0
cat.2008.jpg,3,2
cat.3316.jpg,3,3
cat.924.jpg,0,2
cat.1501.jpg,1,0
cat.1515.jpg,0,2
cat.3302.jpg,3,0
cat.930.jpg,0,2
cat.3464.jpg,0,2
cat.1273.jpg,0,1
cat.1503.jpg,3,2
cat.926.jpg,3,1
cat.3314.jpg,3,2
cat.3472.jpg,1,0
cat.1265.jpg,0,2
cat.1271.jpg,2,2
cat.2778.jpg,3,3
cat.3466.jpg,3,1
cat.932.jpg,3,2
cat.3300.jpg,3,3
cat.1517.jpg,3,1
cat.3328.jpg,1,2
cat.2036.jpg,0,2
cat.1259.jpg,3,3
cat.2750.jpg,3,1
cat.2988.jpg,0,2
cat.2744.jpg,3,0
cat.2022.jpg,2,1
cat.2977.jpg,0,0
cat.2963.jpg,0,0
cat.729.jpg,0,3
cat.701.jpg,0,1
cat.2793.jpg,0,1
cat.3499.jpg,0,1
cat.2787.jpg,0,0
cat.715.jpg,3,1
cat.1067.jpg,3,1
cat.3670.jpg,3,0
cat.2208.jpg,3,3
cat.3116.jpg,3,0
cat.1701.jpg,0,1
cat.1715.jpg,1,2
cat.3102.jpg,0,2
cat.3664.jpg,3,2
cat.1073.jpg,3,2
cat.2552.jpg,3,3
cat.3894.jpg,3,1
cat.2234.jpg,3,3
cat.2220.jpg,0,0
cat.1729.jpg,0,2
cat.3658.jpg,3,3
cat.2546.jpg,3,1
cat.3880.jpg,3,1
cat.259.jpg,0,1
cat.1098.jpg,0,1
cat.265.jpg,0,1
cat.2591.jpg,0,2
cat.3857.jpg,1,0
cat.503.jpg,1,1
cat.1926.jpg,3,0
cat.1932.jpg,3,1
cat.517.jpg,3,0
cat.2585.jpg,3,2
cat.271.jpg,3,1
cat.3843.jpg,0,0
cat.1113.jpg,0,3
cat.3704.jpg,3,2
cat.3062.jpg,3,1
cat.488.jpg,3,0
cat.1675.jpg,0,1
cat.1661.jpg,3,2
cat.3076.jpg,3,1
cat.2368.jpg,3,2
cat.3710.jpg,1,0
cat.1107.jpg,3,3
cat.2426.jpg,3,0
cat.3738.jpg,3,2
cat.1649.jpg,0,3
cat.1891.jpg,3,0
cat.2340.jpg,1,0
cat.2354.jpg,3,1
cat.1885.jpg,1,0
cat.2432.jpg,3,0
cat.339.jpg,0,2
cat.3923.jpg,1,2
cat.311.jpg,0,2
cat.2383.jpg,3,0
cat.477.jpg,0,3
cat.1852.jpg,3,0
cat.1846.jpg,3,2
cat.463.jpg,3,1
cat.2397.jpg,3,1
cat.3089.jpg,0,1
cat.3937.jpg,3,3
cat.305.jpg,3,1
cat.1477.jpg,3,2
cat.3260.jpg,0,1
cat.852.jpg,0,2
cat.3506.jpg,3,2
cat.2618.jpg,3,0
cat.87.jpg,0,1
cat.1311.jpg,3,2
cat.1305.jpg,0,1
cat.3512.jpg,3,2
cat.93.jpg,3,0
cat.3274.jpg,0,0
cat.846.jpg,3,0
cat.1463.jpg,3,2
cat.2142.jpg,0,2
cat.2624.jpg,3,0
cat.2630.jpg,3,2
cat.1339.jpg,3,0
cat.2156.jpg,3,2
cat.3248.jpg,0,2
cat.891.jpg,0,1
cat.649.jpg,3,1
cat.44.jpg,0,2
cat.2803.jpg,3,0
cat.50.jpg,0,0
cat.2817.jpg,1,0
cat.885.jpg,3,0
cat.1488.jpg,0,0
cat.2181.jpg,0,0
cat.675.jpg,1,1
cat.78.jpg,3,2
cat.113.jpg,3,3
cat.107.jpg,3,2
cat.661.jpg,0,0
cat.2195.jpg,0,0
cat.106.jpg,3,3
cat.2194.jpg,3,1
cat.660.jpg,3,2
cat.674.jpg,0,1
cat.2180.jpg,0,3
cat.1489.jpg,3,3
cat.112.jpg,3,2
cat.79.jpg,0,2
cat.2816.jpg,1,2
cat.51.jpg,3,2
cat.884.jpg,3,3
cat.648.jpg,3,0
cat.890.jpg,3,1
cat.2802.jpg,3,0
cat.45.jpg,3,1
cat.1338.jpg,0,0
cat.2631.jpg,3,2
cat.3249.jpg,0,0
cat.2157.jpg,1,3
cat.2143.jpg,1,3
cat.2625.jpg,0,2
cat.92.jpg,0,2
cat.3513.jpg,3,2
cat.1304.jpg,3,0
cat.1462.jpg,3,3
cat.847.jpg,0,0
cat.3275.jpg,3,0
cat.853.jpg,2,3
cat.3261.jpg,3,1
cat.1476.jpg,3,2
cat.1310.jpg,0,0
cat.86.jpg,3,1
cat.2619.jpg,3,3
cat.3507.jpg,0,3
cat.3088.jpg,3,0
cat.2396.jpg,3,3
cat.462.jpg,3,2
cat.1847.jpg,0,0
cat.304.jpg,0,2
cat.3936.jpg,3,1
cat.310.jpg,3,3
cat.3922.jpg,0,2
cat.1853.jpg,0,3
cat.476.jpg,0,0
cat.2382.jpg,0,2
cat.338.jpg,1,3
cat.1884.jpg,3,0
cat.2355.jpg,3,2
cat.2433.jpg,3,0
cat.3739.jpg,3,0
cat.2427.jpg,3,1
cat.2341.jpg,0,0
cat.1890.jpg,0,0
cat.1648.jpg,0,2
cat.2369.jpg,0,1
cat.3077.jpg,1,2
cat.1660.jpg,3,3
cat.1106.jpg,3,0
cat.3711.jpg,0,1
cat.3705.jpg,1,0
cat.1112.jpg,3,0
cat.1674.jpg,3,0
cat.489.jpg,3,3
cat.3063.jpg,3,1
cat.516.jpg,3,2
cat.1933.jpg,3,2
cat.3842.jpg,3,0
cat.270.jpg,3,2
cat.2584.jpg,0,0
cat.3856.jpg,0,2
cat.2590.jpg,3,0
cat.264.jpg,0,0
cat.1099.jpg,1,3
cat.1927.jpg,3,3
cat.502.jpg,3,0
cat.258.jpg,3,0
cat.1728.jpg,3,1
cat.2221.jpg,3,1
cat.3881.jpg,3,2
cat.2547.jpg,3,3
cat.3659.jpg,3,0
cat.3895.jpg,1,3
cat.2553.jpg,3,0
cat.2235.jpg,3,2
cat.3103.jpg,1,0
cat.1714.jpg,0,3
cat.1072.jpg,3,0
cat.3665.jpg,0,0
cat.3671.jpg,0,0
cat.1066.jpg,3,2
cat.1700.jpg,0,0
cat.3117.jpg,0,1
cat.2209.jpg,0,2
cat.2786.jpg,3,3
cat.3498.jpg,0,0
cat.714.jpg,3,0
cat.700.jpg,3,2
cat.2792.jpg,3,0
cat.2962.jpg,3,0
cat.728.jpg,3,2
cat.2976.jpg,3,3
cat.2745.jpg,0,2
cat.2023.jpg,3,0
cat.2037.jpg,3,1
cat.3329.jpg,3,0
cat.2989.jpg,3,3
cat.2751.jpg,1,1
cat.1258.jpg,3,0
cat.3467.jpg,0,0
cat.2779.jpg,3,1
cat.1270.jpg,3,1
cat.1516.jpg,0,3
cat.3301.jpg,3,2
cat.933.jpg,3,2
cat.3315.jpg,3,3
cat.927.jpg,0,3
cat.1502.jpg,3,0
cat.1264.jpg,3,0
cat.3473.jpg,1,0
cat.2755.jpg,3,2
cat.2033.jpg,3,2
cat.3339.jpg,3,1
cat.2027.jpg,0,2
cat.2741.jpg,1,2
cat.2999.jpg,2,0
cat.1248.jpg,3,2
cat.2769.jpg,1,0
cat.3477.jpg,0,0
cat.1260.jpg,0,0
cat.1506.jpg,3,1
cat.3311.jpg,0,2
cat.923.jpg,3,0
cat.3305.jpg,1,0
cat.937.jpg,0,1
cat.1512.jpg,3,0
cat.1274.jpg,3,3
cat.3463.jpg,3,2
cat.3488.jpg,0,1
cat.2796.jpg,3,3
cat.704.jpg,1,2
cat.710.jpg,0,3
cat.2782.jpg,3,3
cat.2972.jpg,1,2
cat.738.jpg,1,0
cat.2966.jpg,0,3
cat.1738.jpg,3,3
cat.2231.jpg,1,1
cat.3649.jpg,0,2
cat.3891.jpg,3,3
cat.2557.jpg,1,2
cat.3885.jpg,0,0
cat.2543.jpg,0,0
cat.2225.jpg,3,2
cat.3113.jpg,3,2
cat.1704.jpg,3,3
cat.1062.jpg,1,3
cat.3675.jpg,0,0
cat.3661.jpg,3,0
cat.1076.jpg,3,2
cat.1710.jpg,3,0
cat.2219.jpg,0,1
cat.3107.jpg,3,1
cat.506.jpg,0,2
cat.1923.jpg,0,0
cat.3852.jpg,0,2
cat.2594.jpg,1,3
cat.260.jpg,0,2
cat.3846.jpg,0,3
cat.274.jpg,3,2
cat.2580.jpg,3,3
cat.1089.jpg,3,2
cat.1937.jpg,3,2
cat.512.jpg,3,2
cat.248.jpg,0,0
cat.1894.jpg,0,2
cat.2345.jpg,0,2
cat.2423.jpg,3,2
cat.2437.jpg,3,3
cat.3729.jpg,3,2
cat.2351.jpg,0,0
cat.1658.jpg,0,0
cat.1880.jpg,3,0
cat.3067.jpg,3,0
cat.2379.jpg,3,1
cat.1670.jpg,1,2
cat.1116.jpg,0,3
cat.3701.jpg,0,0
cat.3715.jpg,3,2
cat.1102.jpg,3,1
cat.1664.jpg,1,0
cat.3073.jpg,0,1
cat.499.jpg,0,3
cat.472.jpg,3,0
cat.2386.jpg,3,0
cat.3098.jpg,0,2
cat.1857.jpg,0,3
cat.314.jpg,3,0
cat.3926.jpg,1,2
cat.300.jpg,0,2
cat.3932.jpg,0,0
cat.1843.jpg,1,2
cat.2392.jpg,0,1
cat.466.jpg,3,0
cat.328.jpg,0,0
cat.1328.jpg,0,1
cat.2621.jpg,3,0
cat.2147.jpg,3,3
cat.3259.jpg,3,3
cat.2153.jpg,1,2
cat.2635.jpg,0,0
cat.3503.jpg,3,3
cat.82.jpg,0,0
cat.1314.jpg,3,3
cat.1472.jpg,0,0
cat.857.jpg,1,1
cat.3265.jpg,0,2
cat.843.jpg,0,3
cat.3271.jpg,3,2
cat.1466.jpg,0,2
cat.1300.jpg,0,1
cat.3517.jpg,3,0
cat.2609.jpg,3,0
cat.96.jpg,0,0
cat.116.jpg,3,2
cat.670.jpg,3,3
cat.2184.jpg,3,3
cat.2190.jpg,0,2
cat.664.jpg,3,2
cat.1499.jpg,0,0
cat.69.jpg,3,0
cat.102.jpg,1,0
cat.41.jpg,3,0
cat.2806.jpg,3,2
cat.894.jpg,0,0
cat.880.jpg,0,1
cat.658.jpg,0,1
cat.55.jpg,3,1
cat.2812.jpg,0,3
cat.659.jpg,3,0
cat.881.jpg,0,2
cat.2813.jpg,3,2
cat.54.jpg,0,2
cat.2807.jpg,3,0
cat.40.jpg,3,2
cat.895.jpg,0,2
cat.1498.jpg,3,3
cat.665.jpg,3,1
cat.2191.jpg,3,0
cat.103.jpg,0,0
cat.68.jpg,3,3
cat.117.jpg,3,1
cat.2185.jpg,3,3
cat.671.jpg,3,2
cat.1467.jpg,0,1
cat.3270.jpg,3,3
cat.842.jpg,0,0
cat.97.jpg,3,0
cat.2608.jpg,3,2
cat.3516.jpg,0,0
cat.1301.jpg,0,1
cat.1315.jpg,3,2
cat.83.jpg,0,2
cat.3502.jpg,3,2
cat.3264.jpg,0,1
cat.856.jpg,0,3
cat.1473.jpg,1,2
cat.2152.jpg,1,1
cat.2634.jpg,3,0
cat.2620.jpg,0,2
cat.1329.jpg,3,0
cat.3258.jpg,0,2
cat.2146.jpg,0,2
cat.329.jpg,0,2
cat.3933.jpg,3,2
cat.301.jpg,3,3
cat.467.jpg,1,2
cat.2393.jpg,0,0
cat.1842.jpg,0,2
cat.1856.jpg,3,2
cat.3099.jpg,1,0
cat.2387.jpg,0,1
cat.473.jpg,3,2
cat.3927.jpg,3,0
cat.315.jpg,0,2
cat.1103.jpg,0,2
cat.3714.jpg,0,0
cat.498.jpg,0,0
cat.3072.jpg,3,0
cat.1665.jpg,1,2
cat.1671.jpg,3,1
cat.2378.jpg,3,3
cat.3066.jpg,3,0
cat.3700.jpg,1,0
cat.1117.jpg,3,1
cat.3728.jpg,0,2
cat.2436.jpg,0,0
cat.1881.jpg,0,3
cat.1659.jpg,0,3
cat.2350.jpg,1,2
cat.2344.jpg,3,2
cat.1895.jpg,0,2
cat.2422.jpg,0,2
cat.249.jpg,0,0
cat.1088.jpg,3,2
cat.2581.jpg,1,2
cat.275.jpg,3,0
cat.3847.jpg,0,2
cat.513.jpg,3,1
cat.1936.jpg,3,2
cat.1922.jpg,0,1
cat.507.jpg,3,2
cat.261.jpg,3,3
cat.2595.jpg,0,2
cat.3853.jpg,3,1
cat.1077.jpg,0,0
cat.3660.jpg,3,0
cat.3106.jpg,1,2
cat.2218.jpg,3,0
cat.1711.jpg,0,3
cat.1705.jpg,0,0
cat.3112.jpg,0,3
cat.3674.jpg,3,2
cat.1063.jpg,0,3
cat.2542.jpg,3,2
cat.3884.jpg,3,2
cat.2224.jpg,3,2
cat.2230.jpg,3,3
cat.1739.jpg,3,3
cat.2556.jpg,3,0
cat.3890.jpg,0,0
cat.3648.jpg,3,2
cat.2967.jpg,0,0
cat.2973.jpg,0,2
cat.739.jpg,3,2
cat.711.jpg,0,0
cat.2783.jpg,0,3
cat.2797.jpg,0,3
cat.3489.jpg,3,2
cat.705.jpg,3,2
cat.1513.jpg,3,0
cat.936.jpg,3,2
cat.3304.jpg,0,0
cat.3462.jpg,3,1
cat.1275.jpg,3,3
cat.1261.jpg,1,2
cat.3476.jpg,0,0
cat.2768.jpg,3,3
cat.922.jpg,0,0
cat.3310.jpg,3,0
cat.1507.jpg,0,2
cat.2026.jpg,3,0
cat.3338.jpg,3,1
cat.1249.jpg,1,0
cat.2998.jpg,0,1
cat.2740.jpg,0,2
cat.2754.jpg,3,1
cat.2032.jpg,1,2
cat.2742.jpg,3,1
cat.908.jpg,2,0
cat.2024.jpg,3,0
cat.2030.jpg,3,3
cat.1539.jpg,3,2
cat.2756.jpg,0,3
cat.3448.jpg,0,0
cat.1277.jpg,0,0
cat.3460.jpg,3,1
cat.3306.jpg,1,2
cat.934.jpg,0,3
cat.2018.jpg,3,0
cat.1511.jpg,3,1
cat.1505.jpg,0,0
cat.3312.jpg,0,1
cat.920.jpg,3,3
cat.3474.jpg,3,3
cat.1263.jpg,3,0
cat.1288.jpg,0,2
cat.2959.jpg,3,2
cat.2781.jpg,3,0
cat.713.jpg,1,2
cat.707.jpg,0,0
cat.2795.jpg,3,1
cat.2965.jpg,3,1
cat.2971.jpg,3,2
cat.2226.jpg,3,2
cat.3138.jpg,2,2
cat.1049.jpg,3,1
cat.3886.jpg,3,2
cat.2540.jpg,3,0
cat.3892.jpg,0,1
cat.2554.jpg,0,2
cat.2232.jpg,3,0
cat.1713.jpg,1,2
cat.3104.jpg,0,1
cat.3662.jpg,3,1
cat.288.jpg,1,2
cat.1075.jpg,0,2
cat.1061.jpg,3,0
cat.3676.jpg,3,2
cat.2568.jpg,3,3
cat.3110.jpg,0,2
cat.1707.jpg,1,0
cat.1934.jpg,0,0
cat.511.jpg,3,2
cat.3845.jpg,1,0
cat.277.jpg,0,0
cat.2583.jpg,2,0
cat.3851.jpg,3,2
cat.2597.jpg,0,1
cat.263.jpg,3,0
cat.3689.jpg,3,3
cat.505.jpg,0,2
cat.1920.jpg,0,0
cat.1908.jpg,1,0
cat.3879.jpg,3,2
cat.539.jpg,0,2
cat.2352.jpg,3,2
cat.1883.jpg,3,1
cat.2434.jpg,0,2
cat.2420.jpg,3,2
cat.1129.jpg,0,2
cat.1897.jpg,3,0
cat.3058.jpg,0,2
cat.2346.jpg,1,0
cat.1667.jpg,1,2
cat.3070.jpg,3,3
cat.2408.jpg,3,0
cat.3716.jpg,3,0
cat.1101.jpg,0,0
cat.1115.jpg,0,0
cat.3702.jpg,0,1
cat.3064.jpg,3,2
cat.1673.jpg,0,2
cat.1840.jpg,3,2
cat.1698.jpg,1,2
cat.2391.jpg,3,2
cat.465.jpg,0,1
cat.303.jpg,3,2
cat.3931.jpg,3,1
cat.317.jpg,0,3
cat.3925.jpg,3,3
cat.471.jpg,1,0
cat.2385.jpg,3,1
cat.1854.jpg,3,3
cat.459.jpg,3,3
cat.3919.jpg,3,1
cat.1868.jpg,0,0
cat.3528.jpg,3,2
cat.2636.jpg,1,0
cat.1459.jpg,0,0
cat.2150.jpg,1,2
cat.2144.jpg,3,0
cat.868.jpg,3,2
cat.2622.jpg,0,0
cat.1303.jpg,0,2
cat.3514.jpg,3,2
cat.95.jpg,3,1
cat.698.jpg,3,0
cat.840.jpg,3,2
cat.3272.jpg,3,0
cat.1465.jpg,0,2
cat.1471.jpg,3,3
cat.2178.jpg,3,3
cat.854.jpg,3,2
cat.3266.jpg,0,1
cat.3500.jpg,3,3
cat.81.jpg,3,1
cat.1317.jpg,0,0
cat.101.jpg,0,3
cat.2193.jpg,3,1
cat.667.jpg,0,1
cat.3299.jpg,3,1
cat.673.jpg,3,0
cat.2187.jpg,0,2
cat.115.jpg,3,1
cat.2839.jpg,0,3
cat.56.jpg,3,0
cat.2811.jpg,0,2
cat.883.jpg,0,1
cat.897.jpg,1,0
cat.42.jpg,3,3
cat.129.jpg,0,1
cat.2805.jpg,3,2
cat.896.jpg,0,2
cat.2804.jpg,3,2
cat.128.jpg,3,0
cat.43.jpg,0,0
cat.2810.jpg,0,2
cat.57.jpg,3,2
cat.882.jpg,3,1
cat.2186.jpg,3,1
cat.672.jpg,1,2
cat.3298.jpg,3,1
cat.2838.jpg,3,2
cat.114.jpg,3,1
cat.100.jpg,3,3
cat.666.jpg,0,3
cat.2192.jpg,1,2
cat.3267.jpg,0,0
cat.855.jpg,0,0
cat.2179.jpg,0,0
cat.1470.jpg,3,0
cat.1316.jpg,0,2
cat.80.jpg,3,0
cat.3501.jpg,0,2
cat.94.jpg,3,0
cat.3515.jpg,3,1
cat.1302.jpg,3,2
cat.1464.jpg,0,2
cat.3273.jpg,1,1
cat.841.jpg,3,3
cat.699.jpg,0,2
cat.869.jpg,3,2
cat.2145.jpg,0,2
cat.2623.jpg,3,3
cat.2637.jpg,0,0
cat.3529.jpg,0,2
cat.2151.jpg,3,1
cat.1458.jpg,0,1
cat.3918.jpg,3,1
cat.1869.jpg,0,0
cat.458.jpg,3,0
cat.3924.jpg,3,3
cat.316.jpg,1,0
cat.1855.jpg,0,0
cat.2384.jpg,3,0
cat.470.jpg,3,0
cat.464.jpg,3,2
cat.2390.jpg,0,1
cat.1699.jpg,0,2
cat.1841.jpg,0,0
cat.3930.jpg,0,2
cat.302.jpg,3,2
cat.3703.jpg,3,3
cat.1114.jpg,3,1
cat.1672.jpg,0,2
cat.3065.jpg,3,0
cat.3071.jpg,3,2
cat.1666.jpg,3,2
cat.1100.jpg,3,2
cat.3717.jpg,0,2
cat.2409.jpg,0,3
cat.1128.jpg,3,3
cat.2421.jpg,3,2
cat.2347.jpg,3,2
cat.3059.jpg,3,0
cat.1896.jpg,3,0
cat.1882.jpg,3,2
cat.2353.jpg,0,0
cat.2435.jpg,3,0
cat.538.jpg,0,0
cat.1909.jpg,3,1
cat.3878.jpg,3,0
cat.3688.jpg,3,1
cat.262.jpg,0,0
cat.2596.jpg,3,1
cat.3850.jpg,3,3
cat.1921.jpg,0,2
cat.504.jpg,0,2
cat.510.jpg,0,0
cat.1935.jpg,3,3
cat.2582.jpg,1,3
cat.276.jpg,3,2
cat.3844.jpg,1,2
cat.2569.jpg,3,2
cat.3677.jpg,0,0
cat.1060.jpg,3,3
cat.1706.jpg,3,3
cat.3111.jpg,3,2
cat.3105.jpg,0,2
cat.1712.jpg,3,0
cat.1074.jpg,1,0
cat.289.jpg,0,2
cat.3663.jpg,3,0
cat.2555.jpg,3,0
cat.3893.jpg,1,3
cat.2233.jpg,0,2
cat.3139.jpg,3,0
cat.2227.jpg,3,1
cat.2541.jpg,0,2
cat.3887.jpg,3,0
cat.1048.jpg,2,0
cat.2970.jpg,1,0
cat.2964.jpg,1,1
cat.706.jpg,3,2
cat.2794.jpg,3,1
cat.2780.jpg,0,3
cat.2958.jpg,0,1
cat.1289.jpg,0,3
cat.712.jpg,2,3
cat.921.jpg,0,1
cat.3313.jpg,3,1
cat.1504.jpg,3,2
cat.1262.jpg,3,1
cat.3475.jpg,3,1
cat.3461.jpg,3,2
cat.1276.jpg,0,2
cat.1510.jpg,3,3
cat.2019.jpg,3,0
cat.935.jpg,3,0
cat.3307.jpg,3,0
cat.1538.jpg,0,0
cat.2031.jpg,0,0
cat.3449.jpg,1,0
cat.2757.jpg,0,3
cat.2743.jpg,3,3
cat.2025.jpg,3,0
cat.909.jpg,3,2
cat.1535.jpg,3,1
cat.910.jpg,3,1
cat.3322.jpg,3,1
cat.3444.jpg,3,2
cat.2982.jpg,3,1
cat.1253.jpg,0,1
cat.1247.jpg,3,0
cat.3450.jpg,1,2
cat.2996.jpg,0,0
cat.904.jpg,0,2
cat.3336.jpg,3,2
cat.2028.jpg,0,0
cat.1521.jpg,3,0
cat.2000.jpg,3,0
cat.1509.jpg,3,2
cat.2766.jpg,0,0
cat.3478.jpg,3,0
cat.2772.jpg,3,2
cat.938.jpg,3,1
cat.2014.jpg,0,2
cat.1290.jpg,1,3
cat.3487.jpg,0,2
cat.2941.jpg,0,2
cat.2799.jpg,3,0
cat.3493.jpg,3,1
cat.2955.jpg,1,3
cat.1284.jpg,1,2
cat.737.jpg,1,3
cat.2969.jpg,0,0
cat.723.jpg,0,0
cat.1051.jpg,3,3
cat.3646.jpg,0,0
cat.2558.jpg,3,3
cat.3120.jpg,3,3
cat.1737.jpg,3,1
cat.1723.jpg,0,2
cat.3134.jpg,1,2
cat.3652.jpg,3,3
cat.1045.jpg,3,3
cat.290.jpg,0,2
cat.2564.jpg,3,1
cat.2202.jpg,3,2
cat.2216.jpg,1,2
cat.3108.jpg,3,2
cat.1079.jpg,3,0
cat.2570.jpg,3,0
cat.284.jpg,1,0
cat.3685.jpg,0,2
cat.1092.jpg,3,0
cat.509.jpg,3,2
cat.1938.jpg,1,2
cat.1086.jpg,3,0
cat.3849.jpg,0,0
cat.3691.jpg,0,1
cat.253.jpg,3,3
cat.3861.jpg,0,0
cat.535.jpg,3,2
cat.1910.jpg,3,1
cat.1904.jpg,2,0
cat.521.jpg,3,1
cat.247.jpg,3,0
cat.3875.jpg,3,0
cat.1125.jpg,0,2
cat.3732.jpg,0,2
cat.3054.jpg,3,0
cat.1643.jpg,0,2
cat.1657.jpg,3,1
cat.3040.jpg,1,0
cat.2438.jpg,0,1
cat.3726.jpg,3,2
cat.1131.jpg,3,1
cat.2410.jpg,3,2
cat.1119.jpg,3,3
cat.3068.jpg,3,2
cat.2376.jpg,3,0
cat.482.jpg,3,0
cat.496.jpg,3,0
cat.2362.jpg,3,2
cat.2404.jpg,3,2
cat.3929.jpg,3,1
cat.1858.jpg,3,2
cat.1680.jpg,3,2
cat.2389.jpg,3,0
cat.3097.jpg,0,1
cat.469.jpg,3,0
cat.3083.jpg,3,0
cat.1694.jpg,3,0
cat.3915.jpg,0,3
cat.327.jpg,3,1
cat.441.jpg,3,2
cat.1864.jpg,0,0
cat.1870.jpg,2,2
cat.455.jpg,3,1
cat.3901.jpg,3,1
cat.333.jpg,0,2
cat.1441.jpg,0,0
cat.2148.jpg,3,0
cat.3256.jpg,3,0
cat.864.jpg,0,0
cat.3530.jpg,0,3
cat.1327.jpg,3,3
cat.1333.jpg,0,2
cat.3524.jpg,0,2
cat.3242.jpg,0,0
cat.870.jpg,3,3
cat.1455.jpg,1,3
cat.2174.jpg,0,0
cat.680.jpg,3,0
cat.858.jpg,3,2
cat.2612.jpg,3,0
cat.3518.jpg,0,0
cat.2606.jpg,3,3
cat.99.jpg,3,2
cat.1469.jpg,3,0
cat.694.jpg,3,1
cat.2160.jpg,0,2
cat.3295.jpg,3,2
cat.1482.jpg,1,0
cat.72.jpg,3,1
cat.119.jpg,3,0
cat.2835.jpg,3,1
cat.66.jpg,3,0
cat.2821.jpg,3,0
cat.1496.jpg,0,2
cat.3281.jpg,3,0
cat.643.jpg,0,0
cat.125.jpg,3,1
cat.2809.jpg,0,0
cat.131.jpg,3,1
cat.657.jpg,1,2
cat.130.jpg,3,0
cat.656.jpg,0,2
cat.642.jpg,0,2
cat.2808.jpg,3,1
cat.124.jpg,3,0
cat.2820.jpg,0,1
cat.67.jpg,1,3
cat.3280.jpg,3,2
cat.1497.jpg,3,2
cat.1483.jpg,3,0
cat.3294.jpg,3,1
cat.2834.jpg,0,3
cat.118.jpg,3,1
cat.73.jpg,1,1
cat.98.jpg,0,2
cat.2607.jpg,3,1
cat.3519.jpg,3,2
cat.2161.jpg,3,3
cat.695.jpg,3,2
cat.1468.jpg,0,2
cat.859.jpg,0,1
cat.681.jpg,3,2
cat.2175.jpg,3,0
cat.2613.jpg,3,0
cat.3525.jpg,1,2
cat.1332.jpg,3,2
cat.1454.jpg,3,2
cat.871.jpg,0,2
cat.3243.jpg,3,1
cat.865.jpg,3,2
cat.3257.jpg,3,0
cat.2149.jpg,3,1
cat.1440.jpg,3,0
cat.1326.jpg,3,2
cat.3531.jpg,3,0
cat.454.jpg,1,0
cat.1871.jpg,1,0
cat.332.jpg,1,3
cat.3900.jpg,0,0
cat.326.jpg,3,0
cat.3914.jpg,3,3
cat.1865.jpg,0,3
cat.440.jpg,0,2
cat.1695.jpg,3,1
cat.3082.jpg,3,1
cat.468.jpg,0,3
cat.3928.jpg,0,0
cat.3096.jpg,0,2
cat.2388.jpg,0,3
cat.1681.jpg,0,1
cat.1859.jpg,3,2
cat.2363.jpg,3,3
cat.497.jpg,1,0
cat.2405.jpg,0,2
cat.1118.jpg,3,2
cat.2411.jpg,3,3
cat.483.jpg,3,2
cat.2377.jpg,1,1
cat.3069.jpg,3,0
cat.3041.jpg,0,0
cat.1656.jpg,1,0
cat.1130.jpg,1,0
cat.3727.jpg,3,1
cat.2439.jpg,0,3
cat.3733.jpg,3,2
cat.1124.jpg,3,0
cat.1642.jpg,3,1
cat.3055.jpg,3,2
cat.520.jpg,0,2
cat.1905.jpg,3,2
cat.3874.jpg,3,0
cat.246.jpg,3,0
cat.3860.jpg,3,2
cat.252.jpg,3,0
cat.1911.jpg,3,0
cat.534.jpg,3,3
cat.1939.jpg,3,0
cat.3690.jpg,3,1
cat.3848.jpg,0,0
cat.1087.jpg,3,0
cat.1093.jpg,0,2
cat.3684.jpg,0,0
cat.508.jpg,3,0
cat.3109.jpg,3,1
cat.2217.jpg,3,1
cat.285.jpg,3,0
cat.2571.jpg,0,0
cat.1078.jpg,3,2
cat.2565.jpg,3,0
cat.291.jpg,0,2
cat.2203.jpg,3,2
cat.3135.jpg,0,2
cat.1722.jpg,3,0
cat.1044.jpg,3,2
cat.3653.jpg,0,1
cat.2559.jpg,0,2
cat.3647.jpg,0,0
cat.1050.jpg,0,0
cat.1736.jpg,0,0
cat.3121.jpg,3,1
cat.2968.jpg,3,0
cat.722.jpg,0,0
cat.736.jpg,1,1
cat.1285.jpg,1,1
cat.2954.jpg,2,2
cat.3492.jpg,3,0
cat.2798.jpg,3,3
cat.2940.jpg,0,0
cat.3486.jpg,3,2
cat.1291.jpg,0,0
cat.2773.jpg,3,0
cat.2015.jpg,1,3
cat.939.jpg,0,0
cat.1508.jpg,0,2
cat.2001.jpg,3,0
cat.3479.jpg,3,1
cat.2767.jpg,3,0
cat.2997.jpg,3,2
cat.3451.jpg,1,1
cat.1246.jpg,3,2
cat.1520.jpg,0,2
cat.2029.jpg,3,2
cat.3337.jpg,3,2
cat.905.jpg,3,3
cat.3323.jpg,3,2
cat.911.jpg,3,0
cat.1534.jpg,3,1
cat.1252.jpg,0,2
cat.2983.jpg,0,2
cat.3445.jpg,3,2
cat.907.jpg,0,3
cat.3335.jpg,3,0
cat.1522.jpg,0,2
cat.1244.jpg,3,1
cat.3453.jpg,0,3
cat.2995.jpg,3,0
cat.2759.jpg,3,2
cat.3447.jpg,3,2
cat.2981.jpg,3,0
cat.1250.jpg,3,2
cat.1536.jpg,3,0
cat.913.jpg,0,2
cat.3321.jpg,3,2
cat.3309.jpg,1,2
cat.2017.jpg,3,1
cat.2771.jpg,3,3
cat.1278.jpg,3,3
cat.2765.jpg,3,1
cat.2003.jpg,1,0
cat.3490.jpg,3,2
cat.2956.jpg,0,2
cat.1287.jpg,2,2
cat.1293.jpg,0,0
cat.3484.jpg,3,2
cat.2942.jpg,3,0
cat.708.jpg,3,3
cat.720.jpg,0,0
cat.734.jpg,3,0
cat.3651.jpg,1,2
cat.3889.jpg,3,1
cat.1046.jpg,0,1
cat.1720.jpg,3,1
cat.2229.jpg,3,2
cat.3137.jpg,0,0
cat.3123.jpg,1,1
cat.1734.jpg,0,1
cat.1052.jpg,0,2
cat.3645.jpg,3,1
cat.2573.jpg,0,0
cat.287.jpg,0,2
cat.2215.jpg,0,0
cat.1708.jpg,0,2
cat.2201.jpg,3,2
cat.3679.jpg,3,3
cat.293.jpg,0,0
cat.2567.jpg,3,0
cat.1085.jpg,3,1
cat.278.jpg,0,0
cat.3692.jpg,0,0
cat.2598.jpg,1,0
cat.3686.jpg,3,1
cat.1091.jpg,0,0
cat.244.jpg,3,1
cat.3876.jpg,0,2
cat.1907.jpg,3,3
cat.522.jpg,0,0
cat.536.jpg,3,2
cat.1913.jpg,0,2
cat.250.jpg,3,2
cat.3862.jpg,3,0
cat.3725.jpg,1,2
cat.1132.jpg,3,0
cat.1654.jpg,0,0
cat.3043.jpg,1,2
cat.3057.jpg,0,0
cat.2349.jpg,3,2
cat.1640.jpg,3,3
cat.1898.jpg,1,2
cat.1126.jpg,0,0
cat.3731.jpg,0,0
cat.2407.jpg,0,0
cat.3719.jpg,1,2
cat.495.jpg,0,2
cat.2361.jpg,0,2
cat.1668.jpg,3,1
cat.2375.jpg,3,2
cat.481.jpg,3,2
cat.2413.jpg,0,2
cat.3080.jpg,0,2
cat.1697.jpg,3,3
cat.1683.jpg,3,2
cat.3094.jpg,3,2
cat.318.jpg,3,0
cat.3902.jpg,0,0
cat.330.jpg,0,0
cat.1873.jpg,3,3
cat.456.jpg,3,2
cat.442.jpg,0,1
cat.1867.jpg,0,2
cat.3916.jpg,3,2
cat.324.jpg,3,1
cat.3241.jpg,3,0
cat.873.jpg,0,2
cat.1456.jpg,0,2
cat.1330.jpg,3,2
cat.3527.jpg,0,2
cat.2639.jpg,3,2
cat.3533.jpg,3,2
cat.1324.jpg,3,3
cat.1442.jpg,0,3
cat.3255.jpg,3,0
cat.867.jpg,3,1
cat.697.jpg,3,1
cat.2163.jpg,0,0
cat.2605.jpg,3,0
cat.1318.jpg,3,0
cat.2611.jpg,3,0
cat.2177.jpg,0,3
cat.683.jpg,3,1
cat.3269.jpg,3,0
cat.1495.jpg,3,0
cat.3282.jpg,0,0
cat.668.jpg,0,1
cat.65.jpg,3,0
cat.2822.jpg,3,2
cat.71.jpg,3,1
cat.2836.jpg,3,2
cat.3296.jpg,0,2
cat.2188.jpg,0,0
cat.1481.jpg,0,2
cat.654.jpg,0,1
cat.59.jpg,0,3
cat.132.jpg,3,1
cat.126.jpg,1,2
cat.898.jpg,0,0
cat.640.jpg,3,0
cat.127.jpg,0,2
cat.641.jpg,0,2
cat.899.jpg,3,2
cat.655.jpg,3,0
cat.133.jpg,3,0
cat.58.jpg,3,0
cat.2837.jpg,3,1
cat.70.jpg,0,0
cat.1480.jpg,3,0
cat.2189.jpg,3,3
cat.3297.jpg,0,2
cat.669.jpg,3,0
cat.3283.jpg,0,0
cat.1494.jpg,3,1
cat.2823.jpg,3,0
cat.64.jpg,3,0
cat.2610.jpg,3,0
cat.1319.jpg,3,0
cat.3268.jpg,3,0
cat.682.jpg,3,1
cat.2176.jpg,0,0
cat.2162.jpg,0,0
cat.696.jpg,0,2
cat.2604.jpg,0,2
cat.1325.jpg,0,0
cat.3532.jpg,3,1
cat.866.jpg,0,2
cat.3254.jpg,3,0
cat.1443.jpg,0,2
cat.1457.jpg,0,0
cat.872.jpg,3,2
cat.3240.jpg,0,0
cat.2638.jpg,3,0
cat.3526.jpg,3,2
cat.1331.jpg,0,0
cat.1866.jpg,3,2
cat.443.jpg,3,2
cat.325.jpg,3,2
cat.3917.jpg,3,2
cat.331.jpg,3,1
cat.3903.jpg,3,0
cat.457.jpg,0,2
cat.1872.jpg,3,2
cat.3095.jpg,0,2
cat.1682.jpg,3,0
cat.319.jpg,3,1
cat.1696.jpg,3,0
cat.3081.jpg,3,0
cat.480.jpg,0,3
cat.2374.jpg,3,3
cat.2412.jpg,0,1
cat.3718.jpg,0,2
cat.2406.jpg,0,0
cat.1669.jpg,0,3
cat.2360.jpg,3,1
cat.494.jpg,3,0
cat.1899.jpg,3,0
cat.1641.jpg,3,0
cat.2348.jpg,3,2
cat.3056.jpg,0,2
cat.3730.jpg,0,0
cat.1127.jpg,0,0
cat.1133.jpg,3,1
cat.3724.jpg,3,2
cat.3042.jpg,0,3
cat.1655.jpg,3,1
cat.1912.jpg,1,0
cat.537.jpg,3,2
cat.3863.jpg,0,0
cat.251.jpg,0,1
cat.3877.jpg,0,1
cat.245.jpg,0,2
cat.523.jpg,3,0
cat.1906.jpg,3,1
cat.1090.jpg,3,2
cat.3687.jpg,3,0
cat.2599.jpg,3,0
cat.3693.jpg,1,0
cat.279.jpg,0,0
cat.1084.jpg,3,0
cat.2200.jpg,3,2
cat.1709.jpg,3,1
cat.2566.jpg,0,2
cat.292.jpg,0,2
cat.3678.jpg,3,0
cat.286.jpg,3,2
cat.2572.jpg,0,0
cat.2214.jpg,0,2
cat.1735.jpg,3,2
cat.3122.jpg,3,0
cat.3644.jpg,0,2
cat.1053.jpg,0,2
cat.1047.jpg,1,3
cat.3888.jpg,0,3
cat.3650.jpg,3,1
cat.3136.jpg,3,0
cat.2228.jpg,0,3
cat.1721.jpg,3,2
cat.735.jpg,3,2
cat.721.jpg,0,1
cat.2943.jpg,3,1
cat.3485.jpg,0,3
cat.1292.jpg,0,0
cat.709.jpg,3,2
cat.1286.jpg,0,0
cat.2957.jpg,3,2
cat.3491.jpg,0,1
cat.2764.jpg,3,1
cat.2002.jpg,0,0
cat.2016.jpg,3,2
cat.3308.jpg,0,3
cat.1279.jpg,0,0
cat.2770.jpg,0,0
cat.1251.jpg,3,0
cat.2980.jpg,3,0
cat.3446.jpg,2,0
cat.2758.jpg,0,3
cat.3320.jpg,0,1
cat.912.jpg,3,2
cat.1537.jpg,0,1
cat.1523.jpg,0,0
cat.3334.jpg,0,0
cat.906.jpg,3,2
cat.2994.jpg,1,2
cat.3452.jpg,3,1
cat.1245.jpg,3,1
cat.2774.jpg,3,1
cat.2012.jpg,0,0
cat.3318.jpg,0,3
cat.2006.jpg,3,2
cat.1269.jpg,0,0
cat.2760.jpg,3,3
cat.1241.jpg,0,1
cat.2748.jpg,3,2
cat.2990.jpg,3,0
cat.3456.jpg,3,2
cat.3330.jpg,0,2
cat.902.jpg,3,2
cat.1527.jpg,0,2
cat.1533.jpg,3,0
cat.3324.jpg,0,2
cat.916.jpg,3,2
cat.2984.jpg,0,0
cat.3442.jpg,1,3
cat.1255.jpg,3,2
cat.725.jpg,3,2
cat.731.jpg,3,2
cat.2953.jpg,0,0
cat.3495.jpg,3,3
cat.1282.jpg,0,0
cat.719.jpg,3,1
cat.1296.jpg,3,3
cat.2947.jpg,3,1
cat.3481.jpg,3,1
cat.2210.jpg,3,0
cat.1719.jpg,3,0
cat.3668.jpg,1,1
cat.282.jpg,0,0
cat.2576.jpg,3,0
cat.2562.jpg,3,2
cat.296.jpg,3,0
cat.2204.jpg,3,2
cat.1725.jpg,0,0
cat.3132.jpg,3,2
cat.3654.jpg,3,2
cat.1043.jpg,3,2
cat.1057.jpg,1,2
cat.3640.jpg,0,2
cat.3898.jpg,3,0
cat.2238.jpg,3,2
cat.3126.jpg,3,0
cat.1731.jpg,1,2
cat.1902.jpg,3,2
cat.527.jpg,0,0
cat.3873.jpg,3,2
cat.241.jpg,3,3
cat.3867.jpg,0,2
cat.255.jpg,3,2
cat.533.jpg,3,0
cat.1916.jpg,3,0
cat.1080.jpg,3,0
cat.2589.jpg,0,2
cat.3697.jpg,3,2
cat.269.jpg,0,2
cat.3683.jpg,1,0
cat.1094.jpg,3,3
cat.2364.jpg,3,3
cat.490.jpg,3,2
cat.2402.jpg,0,1
cat.2416.jpg,3,0
cat.3708.jpg,1,0
cat.1679.jpg,3,0
cat.484.jpg,3,0
cat.2370.jpg,1,1
cat.1651.jpg,3,3
cat.1889.jpg,3,0
cat.3046.jpg,3,0
cat.2358.jpg,3,3
cat.3720.jpg,1,0
cat.1137.jpg,0,2
cat.1123.jpg,1,3
cat.3734.jpg,3,3
cat.3052.jpg,3,2
cat.1645.jpg,3,0
cat.1876.jpg,0,3
cat.453.jpg,3,3
cat.335.jpg,0,0
cat.3907.jpg,0,3
cat.321.jpg,0,1
cat.3913.jpg,3,2
cat.447.jpg,3,3
cat.1862.jpg,3,2
cat.3085.jpg,3,2
cat.1692.jpg,3,1
cat.309.jpg,0,2
cat.1686.jpg,3,0
cat.3091.jpg,0,3
cat.2600.jpg,0,0
cat.1309.jpg,0,0
cat.2166.jpg,3,3
cat.692.jpg,3,2
cat.3278.jpg,3,0
cat.686.jpg,3,2
cat.2172.jpg,3,2
cat.2614.jpg,3,0
cat.1335.jpg,0,2
cat.3522.jpg,0,1
cat.876.jpg,0,0
cat.3244.jpg,0,3
cat.1453.jpg,3,2
cat.1447.jpg,0,0
cat.862.jpg,3,0
cat.3250.jpg,3,3
cat.3536.jpg,1,1
cat.2628.jpg,1,1
cat.1321.jpg,3,0
cat.137.jpg,3,3
cat.889.jpg,3,2
cat.651.jpg,3,0
cat.645.jpg,3,3
cat.48.jpg,3,2
cat.123.jpg,3,1
cat.60.jpg,0,0
cat.2827.jpg,3,2
cat.1490.jpg,3,0
cat.3287.jpg,3,1
cat.2199.jpg,0,0
cat.3293.jpg,0,3
cat.679.jpg,3,2
cat.1484.jpg,0,3
cat.74.jpg,0,2
cat.2833.jpg,1,0
cat.1485.jpg,3,0
cat.678.jpg,0,2
cat.3292.jpg,3,2
cat.2832.jpg,3,0
cat.75.jpg,1,0
cat.2826.jpg,0,3
cat.61.jpg,1,1
cat.2198.jpg,3,0
cat.3286.jpg,2,0
cat.1491.jpg,3,3
cat.644.jpg,0,2
cat.122.jpg,3,2
cat.49.jpg,0,3
cat.136.jpg,3,2
cat.650.jpg,3,3
cat.888.jpg,1,2
cat.3251.jpg,3,0
cat.863.jpg,3,3
cat.1446.jpg,3,0
cat.1320.jpg,3,2
cat.2629.jpg,0,2
cat.3537.jpg,0,1
cat.3523.jpg,0,0
cat.1334.jpg,3,0
cat.1452.jpg,0,2
cat.3245.jpg,3,0
cat.877.jpg,3,1
cat.2173.jpg,3,0
cat.687.jpg,0,3
cat.2615.jpg,0,0
cat.1308.jpg,3,1
cat.2601.jpg,0,2
cat.3279.jpg,1,2
cat.693.jpg,0,0
cat.2167.jpg,0,2
cat.3090.jpg,3,0
cat.1687.jpg,0,1
cat.1693.jpg,3,0
cat.3084.jpg,1,2
cat.308.jpg,0,3
cat.3912.jpg,3,2
cat.320.jpg,1,0
cat.1863.jpg,3,0
cat.446.jpg,3,2
cat.452.jpg,0,2
cat.1877.jpg,1,2
cat.3906.jpg,3,3
cat.334.jpg,3,0
cat.3735.jpg,3,1
cat.1122.jpg,1,2
cat.1644.jpg,0,0
cat.3053.jpg,3,0
cat.2359.jpg,3,2
cat.3047.jpg,0,0
cat.1888.jpg,0,2
cat.1650.jpg,0,2
cat.1136.jpg,3,0
cat.3721.jpg,0,2
cat.3709.jpg,1,0
cat.2417.jpg,0,2
cat.2371.jpg,2,0
cat.485.jpg,3,3
cat.1678.jpg,3,0
cat.491.jpg,3,0
cat.2365.jpg,0,0
cat.2403.jpg,0,1
cat.1095.jpg,3,2
cat.3682.jpg,3,1
cat.268.jpg,1,1
cat.3696.jpg,3,2
cat.2588.jpg,3,0
cat.1081.jpg,1,0
cat.254.jpg,0,2
cat.3866.jpg,1,3
cat.1917.jpg,3,0
cat.532.jpg,1,2
cat.526.jpg,0,2
cat.1903.jpg,3,0
cat.240.jpg,3,0
cat.3872.jpg,3,2
cat.3899.jpg,3,3
cat.3641.jpg,3,0
cat.1056.jpg,0,0
cat.1730.jpg,3,3
cat.3127.jpg,3,2
cat.2239.jpg,0,2
cat.3133.jpg,0,0
cat.1724.jpg,3,0
cat.1042.jpg,0,0
cat.3655.jpg,3,1
cat.297.jpg,2,3
cat.2563.jpg,0,2
cat.2205.jpg,3,2
cat.1718.jpg,3,2
cat.2211.jpg,3,0
cat.2577.jpg,3,0
cat.283.jpg,0,2
cat.3669.jpg,3,1
cat.3480.jpg,3,0
cat.2946.jpg,3,0
cat.1297.jpg,3,2
cat.1283.jpg,3,0
cat.3494.jpg,0,0
cat.2952.jpg,3,3
cat.718.jpg,0,0
cat.730.jpg,0,3
cat.724.jpg,3,0
cat.917.jpg,0,0
cat.3325.jpg,0,2
cat.1532.jpg,2,0
cat.1254.jpg,3,2
cat.3443.jpg,3,3
cat.2985.jpg,0,2
cat.3457.jpg,3,0
cat.2991.jpg,3,3
cat.2749.jpg,3,1
cat.1240.jpg,3,3
cat.1526.jpg,3,1
cat.903.jpg,3,3
cat.3331.jpg,3,1
cat.2007.jpg,3,2
cat.3319.jpg,3,3
cat.2761.jpg,3,2
cat.1268.jpg,3,0
cat.2775.jpg,0,0
cat.2013.jpg,1,3
cat.2763.jpg,3,2
cat.929.jpg,3,0
cat.2005.jpg,0,1
cat.1518.jpg,3,1
cat.2011.jpg,3,1
cat.2777.jpg,3,0
cat.3469.jpg,1,1
cat.2987.jpg,3,2
cat.3441.jpg,3,1
cat.1256.jpg,0,0
cat.1530.jpg,3,0
cat.3327.jpg,3,2
cat.915.jpg,0,2
cat.2039.jpg,3,1
cat.3333.jpg,0,1
cat.901.jpg,3,1
cat.1524.jpg,3,0
cat.1242.jpg,3,2
cat.2993.jpg,3,0
cat.3455.jpg,3,1
cat.2978.jpg,0,2
cat.732.jpg,3,1
cat.726.jpg,3,0
cat.1295.jpg,3,2
cat.2944.jpg,3,3
cat.3482.jpg,3,3
cat.2950.jpg,1,3
cat.3496.jpg,3,2
cat.2788.jpg,3,2
cat.1281.jpg,3,3
cat.2207.jpg,0,2
cat.3119.jpg,3,0
cat.2561.jpg,0,1
cat.295.jpg,3,2
cat.1068.jpg,3,2
cat.281.jpg,0,0
cat.2575.jpg,0,2
cat.2213.jpg,3,0
cat.3125.jpg,0,2
cat.1732.jpg,0,2
cat.1054.jpg,0,0
cat.3643.jpg,0,0
cat.3657.jpg,1,0
cat.2549.jpg,3,3
cat.1040.jpg,3,0
cat.1726.jpg,0,3
cat.3131.jpg,0,0
cat.530.jpg,3,0
cat.1915.jpg,0,0
cat.3864.jpg,3,0
cat.256.jpg,3,1
cat.3870.jpg,2,1
cat.242.jpg,3,0
cat.1901.jpg,0,0
cat.524.jpg,3,3
cat.1929.jpg,3,0
cat.3858.jpg,3,2
cat.3680.jpg,0,3
cat.1097.jpg,0,0
cat.1083.jpg,3,2
cat.3694.jpg,3,1
cat.518.jpg,0,0
cat.487.jpg,0,0
cat.2373.jpg,3,2
cat.2415.jpg,3,0
cat.1108.jpg,3,3
cat.2401.jpg,0,2
cat.3079.jpg,0,2
cat.2367.jpg,1,3
cat.493.jpg,3,2
cat.3051.jpg,3,3
cat.1646.jpg,2,0
cat.1120.jpg,0,1
cat.2429.jpg,1,1
cat.3737.jpg,3,3
cat.3723.jpg,3,3
cat.1134.jpg,0,2
cat.1652.jpg,3,0
cat.3045.jpg,0,2
cat.444.jpg,3,0
cat.1861.jpg,1,3
cat.322.jpg,3,2
cat.3910.jpg,0,2
cat.336.jpg,3,0
cat.3904.jpg,3,2
cat.1875.jpg,0,3
cat.450.jpg,3,0
cat.1685.jpg,3,0
cat.478.jpg,1,3
cat.3092.jpg,3,0
cat.3938.jpg,0,3
cat.2398.jpg,0,2
cat.3086.jpg,3,2
cat.1849.jpg,3,3
cat.1691.jpg,3,0
cat.3509.jpg,0,3
cat.2617.jpg,3,0
cat.88.jpg,3,0
cat.685.jpg,3,0
cat.2171.jpg,3,2
cat.1478.jpg,0,0
cat.2165.jpg,3,2
cat.691.jpg,3,2
cat.849.jpg,3,3
cat.2603.jpg,0,2
cat.3535.jpg,3,1
cat.1322.jpg,3,0
cat.1444.jpg,3,0
cat.861.jpg,0,1
cat.3253.jpg,3,3
cat.2159.jpg,0,2
cat.875.jpg,0,2
cat.3247.jpg,3,1
cat.1450.jpg,3,2
cat.1336.jpg,3,2
cat.3521.jpg,2,2
cat.120.jpg,0,2
cat.646.jpg,3,2
cat.652.jpg,3,2
cat.134.jpg,0,2
cat.2818.jpg,3,2
cat.77.jpg,0,0
cat.2830.jpg,0,2
cat.3290.jpg,3,2
cat.1487.jpg,0,3
cat.1493.jpg,0,2
cat.3284.jpg,3,1
cat.63.jpg,0,2
cat.108.jpg,0,2
cat.2824.jpg,3,3
cat.3285.jpg,0,2
cat.1492.jpg,0,0
cat.2825.jpg,0,0
cat.109.jpg,0,0
cat.62.jpg,0,2
cat.2831.jpg,0,0
cat.76.jpg,0,2
cat.1486.jpg,3,2
cat.3291.jpg,3,2
cat.653.jpg,1,2
cat.2819.jpg,0,2
cat.135.jpg,3,2
cat.121.jpg,0,0
cat.647.jpg,0,3
cat.1451.jpg,3,0
cat.3246.jpg,3,0
cat.874.jpg,3,0
cat.2158.jpg,0,2
cat.3520.jpg,3,0
cat.1337.jpg,1,0
cat.1323.jpg,0,0
cat.3534.jpg,3,2
cat.3252.jpg,3,1
cat.860.jpg,0,3
cat.1445.jpg,3,0
cat.848.jpg,3,0
cat.690.jpg,3,2
cat.2164.jpg,3,0
cat.2602.jpg,3,3
cat.89.jpg,0,2
cat.2616.jpg,3,0
cat.3508.jpg,0,3
cat.1479.jpg,3,0
cat.2170.jpg,0,2
cat.684.jpg,3,0
cat.3939.jpg,1,0
cat.1690.jpg,2,0
cat.1848.jpg,0,0
cat.3087.jpg,3,0
cat.2399.jpg,0,0
cat.3093.jpg,3,1
cat.479.jpg,0,0
cat.1684.jpg,3,1
cat.3905.jpg,3,2
cat.337.jpg,3,2
cat.451.jpg,3,1
cat.1874.jpg,3,0
cat.1860.jpg,3,0
cat.445.jpg,0,3
cat.3911.jpg,0,2
cat.323.jpg,3,1
cat.1135.jpg,3,0
cat.3722.jpg,0,1
cat.3044.jpg,0,0
cat.1653.jpg,0,2
cat.1647.jpg,3,0
cat.3050.jpg,0,0
cat.3736.jpg,3,3
cat.2428.jpg,3,3
cat.1121.jpg,0,0
cat.2400.jpg,3,3
cat.1109.jpg,0,2
cat.492.jpg,0,1
cat.2366.jpg,0,1
cat.3078.jpg,3,1
cat.2372.jpg,3,0
cat.486.jpg,3,0
cat.2414.jpg,0,0
cat.3695.jpg,3,0
cat.1082.jpg,3,2
cat.519.jpg,0,2
cat.1928.jpg,0,2
cat.1096.jpg,0,2
cat.3681.jpg,3,0
cat.3859.jpg,0,2
cat.243.jpg,3,2
cat.3871.jpg,3,1
cat.525.jpg,0,0
cat.1900.jpg,0,2
cat.1914.jpg,3,2
cat.531.jpg,3,0
cat.257.jpg,1,0
cat.3865.jpg,0,2
cat.1041.jpg,0,2
cat.2548.jpg,0,0
cat.3656.jpg,3,1
cat.3130.jpg,0,1
cat.1727.jpg,3,2
cat.1733.jpg,3,2
cat.3124.jpg,0,0
cat.3642.jpg,3,0
cat.1055.jpg,3,2
cat.2574.jpg,0,2
cat.280.jpg,3,1
cat.2212.jpg,3,1
cat.3118.jpg,3,0
cat.2206.jpg,3,2
cat.1069.jpg,0,2
cat.294.jpg,3,1
cat.2560.jpg,1,2
cat.1280.jpg,0,1
cat.2789.jpg,3,1
cat.3497.jpg,3,0
cat.2951.jpg,1,0
cat.3483.jpg,0,2
cat.2945.jpg,0,2
cat.1294.jpg,3,2
cat.727.jpg,3,2
cat.2979.jpg,3,2
cat.733.jpg,3,0
cat.1525.jpg,3,0
cat.900.jpg,0,0
cat.3332.jpg,3,2
cat.3454.jpg,3,2
cat.2992.jpg,3,2
cat.1243.jpg,3,0
cat.1257.jpg,3,0
cat.3440.jpg,1,0
cat.2986.jpg,0,2
cat.2038.jpg,1,3
cat.914.jpg,0,3
cat.3326.jpg,1,3
cat.1531.jpg,0,2
cat.2010.jpg,3,3
cat.1519.jpg,3,0
cat.3468.jpg,3,2
cat.2776.jpg,2,0
cat.2762.jpg,0,0
cat.2004.jpg,3,3
cat.928.jpg,3,2
cat.1230.jpg,3,1
cat.2739.jpg,3,2
cat.3427.jpg,0,0
cat.973.jpg,0,0
cat.3341.jpg,3,1
cat.1556.jpg,3,1
cat.1542.jpg,0,3
cat.967.jpg,3,3
cat.3355.jpg,0,1
cat.3433.jpg,0,3
cat.1224.jpg,0,2
cat.2705.jpg,3,3
cat.797.jpg,0,2
cat.2063.jpg,3,0
cat.3369.jpg,2,1
cat.2077.jpg,0,2
cat.783.jpg,0,2
cat.1218.jpg,1,0
cat.2711.jpg,0,1
cat.2922.jpg,3,2
cat.1595.jpg,3,1
cat.768.jpg,0,2
cat.3382.jpg,1,2
cat.2088.jpg,3,3
cat.3396.jpg,3,1
cat.1581.jpg,1,0
cat.2936.jpg,3,0
cat.754.jpg,0,0
cat.740.jpg,3,0
cat.998.jpg,3,3
cat.1754.jpg,3,2
cat.3143.jpg,3,2
cat.3625.jpg,0,1
cat.1032.jpg,1,2
cat.1026.jpg,0,3
cat.3631.jpg,1,2
cat.2249.jpg,3,0
cat.3157.jpg,3,3
cat.1998.jpg,0,1
cat.1740.jpg,3,1
cat.595.jpg,3,2
cat.2261.jpg,3,1
cat.1768.jpg,0,1
cat.3619.jpg,3,0
cat.2507.jpg,1,1
cat.2513.jpg,3,2
cat.2275.jpg,3,0
cat.581.jpg,0,0
cat.3180.jpg,3,0
cat.1797.jpg,2,0
cat.218.jpg,3,1
cat.1783.jpg,3,2
cat.3194.jpg,0,2
cat.1973.jpg,3,0
cat.556.jpg,3,2
cat.230.jpg,0,0
cat.3802.jpg,3,0
cat.224.jpg,0,2
cat.3816.jpg,0,2
cat.542.jpg,1,2
cat.1967.jpg,0,0
cat.1620.jpg,3,2
cat.3037.jpg,3,3
cat.2329.jpg,3,1
cat.3989.jpg,0,2
cat.3751.jpg,3,2
cat.1146.jpg,3,2
cat.1152.jpg,0,0
cat.3745.jpg,0,0
cat.3023.jpg,3,2
cat.1634.jpg,3,0
cat.2315.jpg,0,0
cat.2473.jpg,3,2
cat.387.jpg,0,1
cat.393.jpg,3,1
cat.2467.jpg,2,1
cat.3779.jpg,3,2
cat.1608.jpg,3,1
cat.2301.jpg,0,2
cat.1185.jpg,0,2
cat.3792.jpg,0,1
cat.378.jpg,3,0
cat.3786.jpg,0,2
cat.2498.jpg,3,1
cat.1191.jpg,3,1
cat.1807.jpg,3,0
cat.422.jpg,3,2
cat.3976.jpg,0,3
cat.344.jpg,3,2
cat.3962.jpg,0,2
cat.350.jpg,3,2
cat.436.jpg,3,0
cat.1813.jpg,3,1
cat.1344.jpg,3,2
cat.2895.jpg,3,1
cat.3553.jpg,3,0
cat.3235.jpg,3,0
cat.807.jpg,0,3
cat.1422.jpg,1,0
cat.1436.jpg,3,0
cat.3221.jpg,0,2
cat.813.jpg,3,0
cat.2881.jpg,1,0
cat.3547.jpg,3,0
cat.2659.jpg,1,2
cat.1350.jpg,0,2
cat.2671.jpg,3,0
cat.185.jpg,0,0
cat.1378.jpg,3,1
cat.2117.jpg,3,2
cat.3209.jpg,3,0
cat.2103.jpg,0,2
cat.191.jpg,3,0
cat.2665.jpg,1,0
cat.11.jpg,0,2
cat.2856.jpg,3,2
cat.3590.jpg,3,0
cat.1387.jpg,3,2
cat.608.jpg,3,0
cat.1393.jpg,3,2
cat.2842.jpg,3,2
cat.3584.jpg,3,0
cat.146.jpg,3,2
cat.620.jpg,3,2
cat.634.jpg,3,1
cat.39.jpg,3,1
cat.152.jpg,0,0
cat.635.jpg,2,2
cat.153.jpg,0,0
cat.38.jpg,3,0
cat.147.jpg,0,3
cat.621.jpg,3,0
cat.609.jpg,3,3
cat.3585.jpg,3,2
cat.2843.jpg,0,0
cat.1392.jpg,3,0
cat.1386.jpg,3,1
cat.3591.jpg,0,2
cat.2857.jpg,3,2
cat.10.jpg,0,2
cat.2102.jpg,0,0
cat.2664.jpg,3,2
cat.190.jpg,3,0
cat.1379.jpg,3,1
cat.184.jpg,1,0
cat.2670.jpg,0,2
cat.3208.jpg,3,2
cat.2116.jpg,3,2
cat.812.jpg,3,0
cat.3220.jpg,1,2
cat.1437.jpg,0,0
cat.1351.jpg,3,2
cat.2658.jpg,3,0
cat.3546.jpg,0,0
cat.2880.jpg,3,2
cat.3552.jpg,1,2
cat.2894.jpg,0,0
cat.1345.jpg,3,2
cat.1423.jpg,3,0
cat.806.jpg,0,2
cat.3234.jpg,0,2
cat.351.jpg,3,1
cat.3963.jpg,3,0
cat.1812.jpg,3,3
cat.437.jpg,3,0
cat.423.jpg,0,2
cat.1806.jpg,3,2
cat.345.jpg,0,1
cat.3977.jpg,0,0
cat.1190.jpg,0,0
cat.2499.jpg,3,0
cat.3787.jpg,3,2
cat.379.jpg,3,0
cat.3793.jpg,3,0
cat.1184.jpg,3,1
cat.3778.jpg,3,0
cat.2466.jpg,0,2
cat.392.jpg,0,0
cat.2300.jpg,3,2
cat.1609.jpg,3,3
cat.2314.jpg,0,2
cat.386.jpg,3,2
cat.2472.jpg,0,3
cat.3744.jpg,3,0
cat.1153.jpg,3,2
cat.1635.jpg,3,0
cat.3022.jpg,3,3
cat.2328.jpg,0,2
cat.3036.jpg,0,0
cat.1621.jpg,3,2
cat.1147.jpg,0,0
cat.3750.jpg,0,2
cat.3988.jpg,2,2
cat.3817.jpg,3,1
cat.225.jpg,3,1
cat.1966.jpg,3,0
cat.543.jpg,0,0
cat.557.jpg,0,2
cat.1972.jpg,3,0
cat.3803.jpg,0,3
cat.231.jpg,1,2
cat.219.jpg,0,1
cat.3195.jpg,3,3
cat.1782.jpg,0,2
cat.1796.jpg,0,0
cat.3181.jpg,3,2
cat.2512.jpg,3,0
cat.580.jpg,0,2
cat.2274.jpg,3,3
cat.1769.jpg,3,1
cat.2260.jpg,3,0
cat.594.jpg,3,0
cat.2506.jpg,1,3
cat.3618.jpg,0,0
cat.3630.jpg,1,1
cat.1027.jpg,0,2
cat.1741.jpg,3,3
cat.1999.jpg,3,1
cat.3156.jpg,1,0
cat.2248.jpg,3,0
cat.3142.jpg,0,0
cat.1755.jpg,3,0
cat.1033.jpg,3,3
cat.3624.jpg,3,2
cat.999.jpg,3,0
cat.741.jpg,1,0
cat.755.jpg,0,0
cat.1580.jpg,3,2
cat.3397.jpg,1,2
cat.2089.jpg,3,0
cat.2937.jpg,0,2
cat.2923.jpg,3,3
cat.3383.jpg,3,0
cat.769.jpg,1,3
cat.1594.jpg,3,3
cat.782.jpg,0,0
cat.2076.jpg,3,0
cat.3368.jpg,0,0
cat.2710.jpg,3,3
cat.1219.jpg,3,3
cat.2704.jpg,3,2
cat.2062.jpg,3,2
cat.796.jpg,3,2
cat.3354.jpg,0,1
cat.966.jpg,0,0
cat.1543.jpg,3,1
cat.1225.jpg,3,0
cat.3432.jpg,0,2
cat.3426.jpg,3,0
cat.2738.jpg,3,3
cat.1231.jpg,0,0
cat.1557.jpg,3,1
cat.3340.jpg,0,0
cat.972.jpg,3,0
cat.3430.jpg,3,0
cat.1227.jpg,0,2
cat.1541.jpg,3,2
cat.964.jpg,3,1
cat.3356.jpg,3,0
cat.2048.jpg,3,2
cat.970.jpg,3,0
cat.3342.jpg,0,2
cat.1555.jpg,3,1
cat.1233.jpg,0,3
cat.3424.jpg,0,2
cat.2712.jpg,3,2
cat.958.jpg,3,1
cat.2074.jpg,1,2
cat.780.jpg,3,3
cat.1569.jpg,1,3
cat.794.jpg,3,0
cat.2060.jpg,0,1
cat.2706.jpg,0,1
cat.3418.jpg,0,0
cat.2935.jpg,1,2
cat.3395.jpg,3,1
cat.1582.jpg,3,3
cat.1596.jpg,3,2
cat.3381.jpg,0,2
cat.2921.jpg,1,0
cat.2909.jpg,1,2
cat.743.jpg,3,2
cat.757.jpg,1,2
cat.3154.jpg,1,2
cat.1743.jpg,0,2
cat.1025.jpg,0,2
cat.3632.jpg,3,1
cat.3626.jpg,0,2
cat.2538.jpg,3,2
cat.1031.jpg,0,2
cat.1757.jpg,1,0
cat.3140.jpg,3,0
cat.2276.jpg,0,0
cat.582.jpg,1,0
cat.3168.jpg,0,0
cat.2510.jpg,3,3
cat.1019.jpg,0,3
cat.2504.jpg,0,3
cat.596.jpg,3,0
cat.2262.jpg,0,0
cat.1780.jpg,0,1
cat.1958.jpg,3,1
cat.3197.jpg,0,2
cat.2289.jpg,3,3
cat.3829.jpg,0,3
cat.3183.jpg,3,2
cat.569.jpg,0,2
cat.1794.jpg,3,2
cat.541.jpg,3,3
cat.1964.jpg,3,0
cat.227.jpg,3,0
cat.3815.jpg,3,2
cat.233.jpg,0,0
cat.3801.jpg,3,1
cat.1970.jpg,3,0
cat.555.jpg,1,0
cat.3020.jpg,3,2
cat.1637.jpg,3,0
cat.1151.jpg,0,3
cat.2458.jpg,3,1
cat.3746.jpg,3,3
cat.3752.jpg,0,0
cat.1145.jpg,0,0
cat.1623.jpg,0,0
cat.3034.jpg,3,3
cat.2302.jpg,3,1
cat.390.jpg,0,3
cat.2464.jpg,3,0
cat.1179.jpg,3,0
cat.2470.jpg,0,0
cat.384.jpg,0,1
cat.3008.jpg,0,1
cat.2316.jpg,0,3
cat.409.jpg,3,2
cat.3785.jpg,3,2
cat.1192.jpg,0,2
cat.1186.jpg,3,0
cat.3791.jpg,3,2
cat.3949.jpg,0,0
cat.1838.jpg,3,1
cat.435.jpg,3,1
cat.1810.jpg,0,3
cat.3961.jpg,3,0
cat.353.jpg,3,0
cat.3975.jpg,0,2
cat.347.jpg,3,2
cat.1804.jpg,0,1
cat.421.jpg,0,2
cat.2882.jpg,0,0
cat.3544.jpg,3,2
cat.1353.jpg,0,2
cat.1435.jpg,3,0
cat.3222.jpg,3,1
cat.810.jpg,0,0
cat.2128.jpg,3,2
cat.3236.jpg,3,0
cat.804.jpg,0,0
cat.1421.jpg,3,3
cat.1347.jpg,3,0
cat.2896.jpg,3,0
cat.3550.jpg,0,0
cat.3578.jpg,0,3
cat.192.jpg,0,2
cat.2666.jpg,3,0
cat.2100.jpg,3,2
cat.1409.jpg,0,3
cat.2114.jpg,3,2
cat.838.jpg,0,2
cat.2672.jpg,0,0
cat.186.jpg,0,1
cat.1390.jpg,3,1
cat.2699.jpg,3,1
cat.2841.jpg,1,0
cat.3587.jpg,0,2
cat.12.jpg,0,2
cat.179.jpg,3,3
cat.2855.jpg,3,0
cat.3593.jpg,3,0
cat.1384.jpg,3,1
cat.151.jpg,0,2
cat.637.jpg,3,0
cat.623.jpg,0,2
cat.145.jpg,0,1
cat.2869.jpg,1,0
cat.622.jpg,0,2
cat.2868.jpg,0,2
cat.144.jpg,0,0
cat.150.jpg,3,2
cat.636.jpg,3,2
cat.1385.jpg,3,3
cat.3592.jpg,0,0
cat.2854.jpg,3,2
cat.178.jpg,3,0
cat.13.jpg,3,3
cat.3586.jpg,0,3
cat.2840.jpg,0,2
cat.2698.jpg,0,2
cat.1391.jpg,1,3
cat.839.jpg,0,1
cat.2115.jpg,0,0
cat.187.jpg,3,0
cat.2673.jpg,3,2
cat.2667.jpg,0,1
cat.193.jpg,0,2
cat.3579.jpg,3,3
cat.1408.jpg,3,3
cat.2101.jpg,3,2
cat.1420.jpg,0,0
cat.805.jpg,0,3
cat.3237.jpg,3,0
cat.2129.jpg,0,2
cat.3551.jpg,0,3
cat.2897.jpg,3,3
cat.1346.jpg,0,0
cat.1352.jpg,0,0
cat.3545.jpg,3,0
cat.2883.jpg,1,0
cat.811.jpg,3,2
cat.3223.jpg,3,1
cat.1434.jpg,3,1
cat.346.jpg,1,3
cat.3974.jpg,1,0
cat.420.jpg,1,0
cat.1805.jpg,0,2
cat.1811.jpg,0,2
cat.434.jpg,0,2
cat.352.jpg,0,2
cat.3960.jpg,3,3
cat.3948.jpg,3,1
cat.3790.jpg,3,2
cat.1187.jpg,3,2
cat.1839.jpg,3,3
cat.408.jpg,3,1
cat.1193.jpg,3,3
cat.3784.jpg,2,2
cat.4000.jpg,3,0
cat.385.jpg,0,2
cat.2471.jpg,0,1
cat.1178.jpg,0,2
cat.2317.jpg,3,2
cat.3009.jpg,1,2
cat.2303.jpg,3,3
cat.2465.jpg,3,2
cat.391.jpg,0,1
cat.1144.jpg,3,0
cat.3753.jpg,3,2
cat.3035.jpg,3,1
cat.1622.jpg,3,0
cat.1636.jpg,0,3
cat.3021.jpg,3,2
cat.3747.jpg,3,2
cat.2459.jpg,3,2
cat.1150.jpg,3,2
cat.3800.jpg,3,0
cat.232.jpg,3,2
cat.554.jpg,0,0
cat.1971.jpg,0,2
cat.1965.jpg,0,2
cat.540.jpg,0,2
cat.3814.jpg,3,0
cat.226.jpg,0,2
cat.1795.jpg,3,3
cat.568.jpg,3,1
cat.3182.jpg,1,1
cat.2288.jpg,0,0
cat.3196.jpg,3,3
cat.1959.jpg,0,3
cat.1781.jpg,0,2
cat.3828.jpg,1,1
cat.2505.jpg,0,0
cat.2263.jpg,3,3
cat.597.jpg,3,0
cat.3169.jpg,0,2
cat.583.jpg,0,0
cat.2277.jpg,3,3
cat.1018.jpg,3,2
cat.2511.jpg,3,3
cat.1030.jpg,0,0
cat.2539.jpg,0,0
cat.3627.jpg,3,2
cat.3141.jpg,0,2
cat.1756.jpg,3,0
cat.1742.jpg,0,2
cat.3155.jpg,1,0
cat.3633.jpg,0,3
cat.1024.jpg,3,2
cat.756.jpg,3,0
cat.2908.jpg,0,2
cat.742.jpg,3,0
cat.3380.jpg,3,0
cat.1597.jpg,1,0
cat.2920.jpg,3,1
cat.2934.jpg,3,0
cat.1583.jpg,0,3
cat.3394.jpg,1,0
cat.2061.jpg,1,2
cat.795.jpg,3,2
cat.1568.jpg,0,3
cat.3419.jpg,3,0
cat.2707.jpg,0,0
cat.2713.jpg,0,1
cat.781.jpg,0,0
cat.2075.jpg,3,1
cat.959.jpg,1,2
cat.1554.jpg,0,2
cat.3343.jpg,3,2
cat.971.jpg,3,1
cat.3425.jpg,3,0
cat.1232.jpg,3,3
cat.1226.jpg,3,0
cat.3431.jpg,3,0
cat.2049.jpg,3,2
cat.3357.jpg,3,0
cat.965.jpg,3,3
cat.1540.jpg,3,2
cat.785.jpg,0,3
cat.2071.jpg,3,1
cat.1578.jpg,3,2
cat.2717.jpg,3,1
cat.3409.jpg,3,0
cat.2703.jpg,3,2
cat.949.jpg,1,0
cat.2065.jpg,3,2
cat.791.jpg,3,3
cat.1544.jpg,1,1
cat.3353.jpg,0,2
cat.961.jpg,0,2
cat.3435.jpg,3,3
cat.1222.jpg,0,2
cat.1236.jpg,0,0
cat.3421.jpg,3,3
cat.3347.jpg,0,0
cat.975.jpg,3,0
cat.2059.jpg,3,0
cat.1550.jpg,3,2
cat.746.jpg,3,3
cat.9.jpg,3,3
cat.2918.jpg,0,2
cat.752.jpg,0,1
cat.3390.jpg,2,0
cat.1587.jpg,3,2
cat.2930.jpg,0,3
cat.2924.jpg,3,1
cat.1593.jpg,3,2
cat.3384.jpg,3,3
cat.2515.jpg,3,0
cat.587.jpg,2,0
cat.2273.jpg,2,3
cat.2267.jpg,1,2
cat.593.jpg,3,3
cat.3179.jpg,3,0
cat.1008.jpg,1,2
cat.2501.jpg,3,1
cat.1020.jpg,3,2
cat.3637.jpg,0,1
cat.2529.jpg,3,0
cat.3151.jpg,0,3
cat.1746.jpg,0,1
cat.1752.jpg,3,2
cat.3145.jpg,3,3
cat.3623.jpg,3,0
cat.1034.jpg,3,2
cat.3810.jpg,0,2
cat.222.jpg,1,0
cat.544.jpg,0,0
cat.1961.jpg,3,0
cat.1975.jpg,0,2
cat.550.jpg,3,3
cat.3804.jpg,0,0
cat.236.jpg,3,3
cat.1785.jpg,3,2
cat.3192.jpg,3,0
cat.578.jpg,0,0
cat.3186.jpg,3,2
cat.2298.jpg,3,2
cat.1791.jpg,0,2
cat.1949.jpg,3,0
cat.3838.jpg,3,0
cat.2461.jpg,3,1
cat.395.jpg,3,3
cat.1168.jpg,1,0
cat.3019.jpg,0,0
cat.2307.jpg,3,2
cat.2313.jpg,3,0
cat.381.jpg,3,0
cat.2475.jpg,3,0
cat.1154.jpg,3,2
cat.3743.jpg,3,2
cat.3025.jpg,3,3
cat.1632.jpg,0,0
cat.1626.jpg,1,2
cat.3031.jpg,0,3
cat.2449.jpg,3,0
cat.3757.jpg,3,3
cat.1140.jpg,3,2
cat.356.jpg,3,3
cat.3964.jpg,0,2
cat.430.jpg,0,2
cat.1815.jpg,1,2
cat.1801.jpg,0,3
cat.424.jpg,3,2
cat.342.jpg,3,2
cat.3970.jpg,1,2
cat.3780.jpg,0,2
cat.3958.jpg,1,2
cat.1197.jpg,3,2
cat.1829.jpg,3,0
cat.418.jpg,0,2
cat.1183.jpg,0,0
cat.3794.jpg,1,0
cat.2105.jpg,0,0
cat.829.jpg,1,2
cat.2663.jpg,1,3
cat.197.jpg,0,2
cat.3569.jpg,3,0
cat.183.jpg,3,1
cat.2677.jpg,0,2
cat.1418.jpg,3,2
cat.2111.jpg,0,0
cat.1430.jpg,3,0
cat.2139.jpg,3,0
cat.815.jpg,3,0
cat.3227.jpg,3,0
cat.3541.jpg,3,3
cat.2887.jpg,0,0
cat.1356.jpg,0,3
cat.1342.jpg,1,0
cat.3555.jpg,0,0
cat.2893.jpg,0,1
cat.801.jpg,0,0
cat.3233.jpg,0,0
cat.1424.jpg,0,3
cat.632.jpg,3,0
cat.154.jpg,0,3
cat.2878.jpg,0,2
cat.140.jpg,0,2
cat.626.jpg,0,3
cat.1395.jpg,3,0
cat.168.jpg,3,2
cat.3582.jpg,0,0
cat.2844.jpg,3,1
cat.17.jpg,1,2
cat.2688.jpg,3,3
cat.3596.jpg,3,2
cat.2850.jpg,0,0
cat.1381.jpg,0,0
cat.1380.jpg,0,2
cat.2851.jpg,0,0
cat.3597.jpg,0,2
cat.2689.jpg,1,1
cat.16.jpg,3,0
cat.2845.jpg,3,2
cat.3583.jpg,3,0
cat.169.jpg,1,2
cat.1394.jpg,1,2
cat.141.jpg,3,1
cat.627.jpg,0,1
cat.633.jpg,0,2
cat.2879.jpg,0,2
cat.155.jpg,3,0
cat.2892.jpg,0,2
cat.3554.jpg,0,2
cat.1343.jpg,3,2
cat.1425.jpg,0,3
cat.3232.jpg,3,3
cat.800.jpg,3,2
cat.3226.jpg,0,0
cat.814.jpg,1,0
cat.2138.jpg,3,3
cat.1431.jpg,3,0
cat.1357.jpg,0,3
cat.2886.jpg,0,1
cat.3540.jpg,3,0
cat.2676.jpg,0,2
cat.182.jpg,3,1
cat.3568.jpg,0,2
cat.2110.jpg,3,2
cat.1419.jpg,3,2
cat.828.jpg,0,1
cat.2104.jpg,3,1
cat.196.jpg,1,3
cat.2662.jpg,3,2
cat.419.jpg,0,0
cat.3795.jpg,3,3
cat.1182.jpg,3,2
cat.1196.jpg,0,2
cat.3959.jpg,0,0
cat.3781.jpg,3,2
cat.1828.jpg,3,0
cat.425.jpg,0,0
cat.1800.jpg,1,2
cat.3971.jpg,0,0
cat.343.jpg,1,0
cat.3965.jpg,0,0
cat.357.jpg,0,0
cat.1814.jpg,0,1
cat.431.jpg,3,2
cat.3030.jpg,0,3
cat.1627.jpg,1,2
cat.1141.jpg,3,0
cat.3756.jpg,0,2
cat.2448.jpg,3,3
cat.3742.jpg,3,3
cat.1155.jpg,3,0
cat.1633.jpg,3,1
cat.3024.jpg,3,2
cat.2312.jpg,0,0
cat.2474.jpg,1,2
cat.380.jpg,1,2
cat.1169.jpg,3,3
cat.394.jpg,3,0
cat.2460.jpg,3,0
cat.2306.jpg,3,3
cat.3018.jpg,3,3
cat.1948.jpg,1,3
cat.1790.jpg,3,2
cat.2299.jpg,0,0
cat.3187.jpg,0,0
cat.3839.jpg,0,0
cat.579.jpg,0,0
cat.3193.jpg,0,0
cat.1784.jpg,3,0
cat.551.jpg,0,0
cat.1974.jpg,0,2
cat.237.jpg,0,2
cat.3805.jpg,1,2
cat.223.jpg,0,2
cat.3811.jpg,3,0
cat.1960.jpg,1,1
cat.545.jpg,0,0
cat.3144.jpg,0,3
cat.1753.jpg,3,0
cat.1035.jpg,1,2
cat.3622.jpg,0,0
cat.2528.jpg,3,2
cat.3636.jpg,0,0
cat.1021.jpg,3,0
cat.1747.jpg,3,1
cat.3150.jpg,0,2
cat.3178.jpg,3,2
cat.592.jpg,3,1
cat.2266.jpg,3,1
cat.2500.jpg,3,0
cat.1009.jpg,0,0
cat.2514.jpg,3,2
cat.2272.jpg,3,3
cat.586.jpg,3,1
cat.2925.jpg,2,2
cat.3385.jpg,0,2
cat.1592.jpg,3,3
cat.1586.jpg,1,2
cat.3391.jpg,3,0
cat.2931.jpg,3,2
cat.2919.jpg,3,0
cat.753.jpg,3,2
cat.747.jpg,0,0
cat.8.jpg,0,2
cat.3420.jpg,0,2
cat.1237.jpg,3,2
cat.1551.jpg,3,2
cat.2058.jpg,3,0
cat.974.jpg,3,0
cat.3346.jpg,3,2
cat.960.jpg,0,1
cat.3352.jpg,3,3
cat.1545.jpg,3,3
cat.1223.jpg,0,2
cat.3434.jpg,3,2
cat.2702.jpg,1,0
cat.790.jpg,3,2
cat.2064.jpg,0,2
cat.948.jpg,1,0
cat.1579.jpg,3,2
cat.2070.jpg,3,0
cat.784.jpg,0,1
cat.3408.jpg,0,3
cat.2716.jpg,3,0
cat.3378.jpg,3,3
cat.2066.jpg,0,2
cat.792.jpg,1,2
cat.2700.jpg,0,3
cat.1209.jpg,0,2
cat.2714.jpg,3,1
cat.786.jpg,0,2
cat.2072.jpg,3,0
cat.3344.jpg,3,2
cat.976.jpg,0,2
cat.1553.jpg,3,0
cat.1235.jpg,3,2
cat.3422.jpg,3,2
cat.2728.jpg,3,2
cat.3436.jpg,3,0
cat.1221.jpg,1,2
cat.1547.jpg,3,2
cat.3350.jpg,0,0
cat.962.jpg,3,2
cat.751.jpg,3,1
cat.989.jpg,0,0
cat.745.jpg,0,1
cat.1590.jpg,0,2
cat.2099.jpg,3,1
cat.3387.jpg,3,1
cat.2927.jpg,3,1
cat.2933.jpg,0,0
cat.779.jpg,3,3
cat.3393.jpg,0,1
cat.1584.jpg,3,0
cat.2502.jpg,0,3
cat.2264.jpg,0,3
cat.590.jpg,0,0
cat.1779.jpg,0,2
cat.584.jpg,2,0
cat.2270.jpg,1,2
cat.3608.jpg,3,0
cat.2516.jpg,3,3
cat.3620.jpg,0,0
cat.1037.jpg,3,3
cat.1989.jpg,3,1
cat.1751.jpg,3,0
cat.2258.jpg,3,0
cat.3146.jpg,0,0
cat.3152.jpg,1,3
cat.1745.jpg,0,3
cat.1023.jpg,0,2
cat.3634.jpg,3,2
cat.3807.jpg,0,0
cat.235.jpg,3,1
cat.1976.jpg,0,0
cat.553.jpg,3,2
cat.547.jpg,0,0
cat.1962.jpg,3,0
cat.3813.jpg,0,2
cat.221.jpg,0,1
cat.209.jpg,0,1
cat.3185.jpg,1,2
cat.1792.jpg,3,1
cat.1786.jpg,0,1
cat.3191.jpg,3,3
cat.382.jpg,3,0
cat.2476.jpg,1,1
cat.3768.jpg,3,2
cat.2310.jpg,3,1
cat.1619.jpg,0,3
cat.2304.jpg,1,3
cat.2462.jpg,3,2
cat.396.jpg,3,1
cat.3754.jpg,3,2
cat.1143.jpg,3,0
cat.1625.jpg,3,0
cat.3032.jpg,0,1
cat.3026.jpg,0,3
cat.2338.jpg,3,2
cat.1631.jpg,0,2
cat.1157.jpg,3,0
cat.3998.jpg,1,2
cat.3740.jpg,1,2
cat.341.jpg,0,0
cat.3973.jpg,0,3
cat.1802.jpg,3,0
cat.427.jpg,3,2
cat.433.jpg,3,1
cat.1816.jpg,0,0
cat.355.jpg,3,3
cat.3967.jpg,1,0
cat.1180.jpg,0,2
cat.3797.jpg,0,0
cat.2489.jpg,3,0
cat.3783.jpg,3,1
cat.369.jpg,3,2
cat.1194.jpg,3,0
cat.2112.jpg,3,1
cat.180.jpg,0,0
cat.2674.jpg,3,2
cat.1369.jpg,3,3
cat.2660.jpg,3,2
cat.194.jpg,3,0
cat.2106.jpg,1,1
cat.3218.jpg,0,0
cat.802.jpg,0,0
cat.3230.jpg,1,0
cat.1427.jpg,3,2
cat.1341.jpg,3,3
cat.3556.jpg,0,0
cat.2890.jpg,3,2
cat.2648.jpg,3,1
cat.3542.jpg,3,2
cat.2884.jpg,3,1
cat.1355.jpg,3,1
cat.1433.jpg,0,0
cat.816.jpg,3,0
cat.3224.jpg,3,3
cat.625.jpg,0,2
cat.28.jpg,3,2
cat.143.jpg,3,0
cat.157.jpg,0,2
cat.631.jpg,0,2
cat.619.jpg,0,2
cat.14.jpg,3,2
cat.3595.jpg,3,0
cat.2853.jpg,3,0
cat.1382.jpg,0,2
cat.1396.jpg,0,2
cat.3581.jpg,0,0
cat.2847.jpg,3,1
cat.2846.jpg,3,1
cat.3580.jpg,3,2
cat.1397.jpg,0,2
cat.618.jpg,1,2
cat.1383.jpg,3,2
cat.2852.jpg,3,3
cat.3594.jpg,1,3
cat.15.jpg,0,1
cat.156.jpg,3,0
cat.630.jpg,0,1
cat.624.jpg,1,2
cat.142.jpg,3,2
cat.29.jpg,3,3
cat.1354.jpg,1,1
cat.2885.jpg,0,2
cat.3543.jpg,3,2
cat.3225.jpg,0,2
cat.817.jpg,3,0
cat.1432.jpg,3,1
cat.1426.jpg,3,2
cat.3231.jpg,0,3
cat.803.jpg,3,1
cat.2649.jpg,3,2
cat.2891.jpg,0,1
cat.3557.jpg,3,1
cat.1340.jpg,0,1
cat.195.jpg,1,2
cat.2661.jpg,3,1
cat.1368.jpg,3,2
cat.3219.jpg,0,3
cat.2107.jpg,3,3
cat.2113.jpg,0,2
cat.2675.jpg,0,2
cat.181.jpg,3,2
cat.1195.jpg,3,2
cat.368.jpg,0,0
cat.3782.jpg,0,1
cat.2488.jpg,3,3
cat.3796.jpg,3,0
cat.1181.jpg,3,2
cat.1817.jpg,0,0
cat.432.jpg,0,2
cat.3966.jpg,0,1
cat.354.jpg,1,3
cat.3972.jpg,3,2
cat.340.jpg,3,1
cat.426.jpg,3,1
cat.1803.jpg,3,0
cat.1630.jpg,3,1
cat.2339.jpg,0,3
cat.3027.jpg,0,2
cat.3741.jpg,0,2
cat.3999.jpg,1,0
cat.1156.jpg,3,2
cat.1142.jpg,3,2
cat.3755.jpg,0,2
cat.3033.jpg,3,2
cat.1624.jpg,3,2
cat.2305.jpg,0,0
cat.397.jpg,3,1
cat.2463.jpg,3,1
cat.3769.jpg,0,2
cat.2477.jpg,0,1
cat.383.jpg,0,1
cat.1618.jpg,3,2
cat.2311.jpg,3,2
cat.3190.jpg,3,0
cat.1787.jpg,1,3
cat.208.jpg,0,3
cat.1793.jpg,0,1
cat.3184.jpg,3,0
cat.1963.jpg,0,2
cat.546.jpg,3,3
cat.220.jpg,3,2
cat.3812.jpg,3,1
cat.234.jpg,0,2
cat.3806.jpg,3,3
cat.552.jpg,3,2
cat.1977.jpg,0,0
cat.1744.jpg,3,2
cat.3153.jpg,3,2
cat.3635.jpg,3,2
cat.1022.jpg,0,3
cat.1036.jpg,3,1
cat.3621.jpg,3,1
cat.3147.jpg,3,2
cat.2259.jpg,0,0
cat.1750.jpg,1,0
cat.1988.jpg,0,1
cat.2271.jpg,3,1
cat.585.jpg,0,2
cat.1778.jpg,0,2
cat.2517.jpg,3,0
cat.3609.jpg,0,2
cat.2503.jpg,3,1
cat.591.jpg,3,3
cat.2265.jpg,3,0
cat.2932.jpg,1,0
cat.1585.jpg,0,2
cat.3392.jpg,3,1
cat.778.jpg,3,1
cat.3386.jpg,0,2
cat.2098.jpg,3,2
cat.1591.jpg,3,2
cat.2926.jpg,3,3
cat.744.jpg,3,1
cat.988.jpg,0,2
cat.750.jpg,0,3
cat.1220.jpg,3,0
cat.3437.jpg,1,2
cat.2729.jpg,3,2
cat.963.jpg,3,1
cat.3351.jpg,3,0
cat.1546.jpg,1,2
cat.1552.jpg,3,0
cat.977.jpg,3,2
cat.3345.jpg,3,1
cat.3423.jpg,0,0
cat.1234.jpg,3,0
cat.2715.jpg,3,2
cat.2073.jpg,0,2
cat.787.jpg,1,2
cat.793.jpg,0,2
cat.2067.jpg,3,3
cat.3379.jpg,0,1
cat.1208.jpg,3,1
cat.2701.jpg,1,2
